owner_id,name,description,location,starts_at,duration
1,Meeting000001,Auto-generated meeting 1 for user 1,Room17,2026-02-08T14:00:00,1
2,Meeting000002,Auto-generated meeting 2 for user 2,Room16,2026-02-08T08:00:00,2
2,Meeting000003,Auto-generated meeting 3 for user 2,Room12,2026-02-08T08:00:00,1
2,Meeting000004,Auto-generated meeting 4 for user 2,Room9,2026-02-08T11:00:00,2
3,Meeting000005,Auto-generated meeting 5 for user 3,Room11,2026-02-08T13:00:00,2
4,Meeting000006,Auto-generated meeting 6 for user 4,Room11,2026-02-08T11:00:00,3
4,Meeting000007,Auto-generated meeting 7 for user 4,Room4,2026-02-08T12:00:00,2
4,Meeting000008,Auto-generated meeting 8 for user 4,Room4,2026-02-08T17:00:00,3
5,Meeting000009,Auto-generated meeting 9 for user 5,Room9,2026-02-08T11:00:00,1
6,Meeting000010,Auto-generated meeting 10 for user 6,Room11,2026-02-08T14:00:00,3
9,Meeting000011,Auto-generated meeting 11 for user 9,Room13,2026-02-08T17:00:00,3
10,Meeting000012,Auto-generated meeting 12 for user 10,Room17,2026-02-08T10:00:00,1
10,Meeting000013,Auto-generated meeting 13 for user 10,Room6,2026-02-08T12:00:00,1
10,Meeting000014,Auto-generated meeting 14 for user 10,Room4,2026-02-08T13:00:00,1
1,Meeting000015,Auto-generated meeting 15 for user 1,Room14,2026-02-09T08:00:00,3
1,Meeting000016,Auto-generated meeting 16 for user 1,Room10,2026-02-09T12:00:00,3
1,Meeting000017,Auto-generated meeting 17 for user 1,Room20,2026-02-09T17:00:00,3
2,Meeting000018,Auto-generated meeting 18 for user 2,Room20,2026-02-09T12:00:00,1
3,Meeting000019,Auto-generated meeting 19 for user 3,Room13,2026-02-09T12:00:00,2
3,Meeting000020,Auto-generated meeting 20 for user 3,Room19,2026-02-09T16:00:00,1
4,Meeting000021,Auto-generated meeting 21 for user 4,Room19,2026-02-09T15:00:00,3
4,Meeting000022,Auto-generated meeting 22 for user 4,Room1,2026-02-09T15:00:00,3
4,Meeting000023,Auto-generated meeting 23 for user 4,Room17,2026-02-09T17:00:00,1
7,Meeting000024,Auto-generated meeting 24 for user 7,Room10,2026-02-09T12:00:00,2
7,Meeting000025,Auto-generated meeting 25 for user 7,Room8,2026-02-09T15:00:00,3
10,Meeting000026,Auto-generated meeting 26 for user 10,Room5,2026-02-09T11:00:00,3
10,Meeting000027,Auto-generated meeting 27 for user 10,Room3,2026-02-09T13:00:00,2
10,Meeting000028,Auto-generated meeting 28 for user 10,Room5,2026-02-09T15:00:00,2
1,Meeting000029,Auto-generated meeting 29 for user 1,Room4,2026-02-10T08:00:00,2
1,Meeting000030,Auto-generated meeting 30 for user 1,Room15,2026-02-10T14:00:00,1
1,Meeting000031,Auto-generated meeting 31 for user 1,Room8,2026-02-10T16:00:00,1
5,Meeting000032,Auto-generated meeting 32 for user 5,Room18,2026-02-10T09:00:00,3
5,Meeting000033,Auto-generated meeting 33 for user 5,Room15,2026-02-10T15:00:00,1
5,Meeting000034,Auto-generated meeting 34 for user 5,Room13,2026-02-10T17:00:00,3
7,Meeting000035,Auto-generated meeting 35 for user 7,Room11,2026-02-10T11:00:00,3
7,Meeting000036,Auto-generated meeting 36 for user 7,Room5,2026-02-10T12:00:00,2
7,Meeting000037,Auto-generated meeting 37 for user 7,Room18,2026-02-10T17:00:00,1
8,Meeting000038,Auto-generated meeting 38 for user 8,Room3,2026-02-10T08:00:00,2
8,Meeting000039,Auto-generated meeting 39 for user 8,Room4,2026-02-10T13:00:00,3
8,Meeting000040,Auto-generated meeting 40 for user 8,Room11,2026-02-10T14:00:00,2
9,Meeting000041,Auto-generated meeting 41 for user 9,Room6,2026-02-10T12:00:00,1
1,Meeting000042,Auto-generated meeting 42 for user 1,Room15,2026-02-11T11:00:00,2
1,Meeting000043,Auto-generated meeting 43 for user 1,Room19,2026-02-11T12:00:00,3
4,Meeting000044,Auto-generated meeting 44 for user 4,Room11,2026-02-11T10:00:00,1
5,Meeting000045,Auto-generated meeting 45 for user 5,Room7,2026-02-11T11:00:00,2
5,Meeting000046,Auto-generated meeting 46 for user 5,Room3,2026-02-11T11:00:00,1
6,Meeting000047,Auto-generated meeting 47 for user 6,Room17,2026-02-11T08:00:00,3
6,Meeting000048,Auto-generated meeting 48 for user 6,Room16,2026-02-11T09:00:00,1
6,Meeting000049,Auto-generated meeting 49 for user 6,Room9,2026-02-11T10:00:00,2
7,Meeting000050,Auto-generated meeting 50 for user 7,Room14,2026-02-11T08:00:00,2
8,Meeting000051,Auto-generated meeting 51 for user 8,Room3,2026-02-11T08:00:00,3
8,Meeting000052,Auto-generated meeting 52 for user 8,Room10,2026-02-11T14:00:00,2
9,Meeting000053,Auto-generated meeting 53 for user 9,Room18,2026-02-11T15:00:00,2
10,Meeting000054,Auto-generated meeting 54 for user 10,Room9,2026-02-11T10:00:00,3
10,Meeting000055,Auto-generated meeting 55 for user 10,Room10,2026-02-11T12:00:00,2
10,Meeting000056,Auto-generated meeting 56 for user 10,Room2,2026-02-11T15:00:00,1
1,Meeting000057,Auto-generated meeting 57 for user 1,Room7,2026-02-12T13:00:00,3
1,Meeting000058,Auto-generated meeting 58 for user 1,Room7,2026-02-12T15:00:00,1
1,Meeting000059,Auto-generated meeting 59 for user 1,Room2,2026-02-12T17:00:00,3
2,Meeting000060,Auto-generated meeting 60 for user 2,Room1,2026-02-12T12:00:00,3
3,Meeting000061,Auto-generated meeting 61 for user 3,Room20,2026-02-12T08:00:00,3
3,Meeting000062,Auto-generated meeting 62 for user 3,Room9,2026-02-12T12:00:00,2
4,Meeting000063,Auto-generated meeting 63 for user 4,Room3,2026-02-12T12:00:00,1
4,Meeting000064,Auto-generated meeting 64 for user 4,Room1,2026-02-12T14:00:00,1
4,Meeting000065,Auto-generated meeting 65 for user 4,Room15,2026-02-12T16:00:00,3
5,Meeting000066,Auto-generated meeting 66 for user 5,Room11,2026-02-12T09:00:00,1
7,Meeting000067,Auto-generated meeting 67 for user 7,Room2,2026-02-12T13:00:00,3
7,Meeting000068,Auto-generated meeting 68 for user 7,Room17,2026-02-12T14:00:00,3
8,Meeting000069,Auto-generated meeting 69 for user 8,Room11,2026-02-12T10:00:00,1
8,Meeting000070,Auto-generated meeting 70 for user 8,Room20,2026-02-12T11:00:00,2
8,Meeting000071,Auto-generated meeting 71 for user 8,Room6,2026-02-12T12:00:00,1
9,Meeting000072,Auto-generated meeting 72 for user 9,Room9,2026-02-12T14:00:00,2
10,Meeting000073,Auto-generated meeting 73 for user 10,Room9,2026-02-12T09:00:00,3
10,Meeting000074,Auto-generated meeting 74 for user 10,Room2,2026-02-12T10:00:00,2
10,Meeting000075,Auto-generated meeting 75 for user 10,Room5,2026-02-12T16:00:00,2
1,Meeting000076,Auto-generated meeting 76 for user 1,Room15,2026-02-13T08:00:00,1
1,Meeting000077,Auto-generated meeting 77 for user 1,Room12,2026-02-13T11:00:00,3
3,Meeting000078,Auto-generated meeting 78 for user 3,Room14,2026-02-13T08:00:00,2
3,Meeting000079,Auto-generated meeting 79 for user 3,Room3,2026-02-13T14:00:00,3
3,Meeting000080,Auto-generated meeting 80 for user 3,Room7,2026-02-13T17:00:00,2
4,Meeting000081,Auto-generated meeting 81 for user 4,Room10,2026-02-13T10:00:00,1
4,Meeting000082,Auto-generated meeting 82 for user 4,Room10,2026-02-13T13:00:00,3
4,Meeting000083,Auto-generated meeting 83 for user 4,Room19,2026-02-13T14:00:00,3
5,Meeting000084,Auto-generated meeting 84 for user 5,Room13,2026-02-13T08:00:00,2
5,Meeting000085,Auto-generated meeting 85 for user 5,Room3,2026-02-13T13:00:00,2
5,Meeting000086,Auto-generated meeting 86 for user 5,Room2,2026-02-13T14:00:00,1
6,Meeting000087,Auto-generated meeting 87 for user 6,Room10,2026-02-13T11:00:00,1
6,Meeting000088,Auto-generated meeting 88 for user 6,Room17,2026-02-13T14:00:00,3
6,Meeting000089,Auto-generated meeting 89 for user 6,Room16,2026-02-13T17:00:00,1
7,Meeting000090,Auto-generated meeting 90 for user 7,Room8,2026-02-13T14:00:00,3
10,Meeting000091,Auto-generated meeting 91 for user 10,Room2,2026-02-13T15:00:00,2
1,Meeting000092,Auto-generated meeting 92 for user 1,Room12,2026-02-14T17:00:00,1
2,Meeting000093,Auto-generated meeting 93 for user 2,Room9,2026-02-14T08:00:00,1
2,Meeting000094,Auto-generated meeting 94 for user 2,Room15,2026-02-14T11:00:00,3
2,Meeting000095,Auto-generated meeting 95 for user 2,Room5,2026-02-14T12:00:00,2
3,Meeting000096,Auto-generated meeting 96 for user 3,Room11,2026-02-14T14:00:00,2
5,Meeting000097,Auto-generated meeting 97 for user 5,Room18,2026-02-14T09:00:00,2
5,Meeting000098,Auto-generated meeting 98 for user 5,Room10,2026-02-14T11:00:00,3
5,Meeting000099,Auto-generated meeting 99 for user 5,Room2,2026-02-14T17:00:00,2
6,Meeting000100,Auto-generated meeting 100 for user 6,Room3,2026-02-14T13:00:00,1
6,Meeting000101,Auto-generated meeting 101 for user 6,Room11,2026-02-14T15:00:00,1
7,Meeting000102,Auto-generated meeting 102 for user 7,Room14,2026-02-14T11:00:00,1
7,Meeting000103,Auto-generated meeting 103 for user 7,Room15,2026-02-14T14:00:00,3
8,Meeting000104,Auto-generated meeting 104 for user 8,Room6,2026-02-14T12:00:00,3
8,Meeting000105,Auto-generated meeting 105 for user 8,Room5,2026-02-14T15:00:00,1
8,Meeting000106,Auto-generated meeting 106 for user 8,Room5,2026-02-14T17:00:00,2
9,Meeting000107,Auto-generated meeting 107 for user 9,Room12,2026-02-14T12:00:00,2
1,Meeting000108,Auto-generated meeting 108 for user 1,Room9,2026-02-15T09:00:00,3
1,Meeting000109,Auto-generated meeting 109 for user 1,Room4,2026-02-15T13:00:00,1
1,Meeting000110,Auto-generated meeting 110 for user 1,Room14,2026-02-15T16:00:00,2
2,Meeting000111,Auto-generated meeting 111 for user 2,Room5,2026-02-15T11:00:00,2
2,Meeting000112,Auto-generated meeting 112 for user 2,Room11,2026-02-15T13:00:00,3
2,Meeting000113,Auto-generated meeting 113 for user 2,Room2,2026-02-15T16:00:00,3
3,Meeting000114,Auto-generated meeting 114 for user 3,Room14,2026-02-15T08:00:00,1
3,Meeting000115,Auto-generated meeting 115 for user 3,Room1,2026-02-15T15:00:00,3
3,Meeting000116,Auto-generated meeting 116 for user 3,Room10,2026-02-15T17:00:00,1
4,Meeting000117,Auto-generated meeting 117 for user 4,Room4,2026-02-15T13:00:00,1
5,Meeting000118,Auto-generated meeting 118 for user 5,Room15,2026-02-15T10:00:00,3
6,Meeting000119,Auto-generated meeting 119 for user 6,Room14,2026-02-15T12:00:00,3
9,Meeting000120,Auto-generated meeting 120 for user 9,Room14,2026-02-15T10:00:00,3
9,Meeting000121,Auto-generated meeting 121 for user 9,Room1,2026-02-15T11:00:00,3
10,Meeting000122,Auto-generated meeting 122 for user 10,Room5,2026-02-15T14:00:00,3
10,Meeting000123,Auto-generated meeting 123 for user 10,Room3,2026-02-15T14:00:00,1
10,Meeting000124,Auto-generated meeting 124 for user 10,Room2,2026-02-15T15:00:00,2
2,Meeting000125,Auto-generated meeting 125 for user 2,Room2,2026-02-16T09:00:00,1
2,Meeting000126,Auto-generated meeting 126 for user 2,Room2,2026-02-16T12:00:00,2
2,Meeting000127,Auto-generated meeting 127 for user 2,Room2,2026-02-16T17:00:00,1
3,Meeting000128,Auto-generated meeting 128 for user 3,Room7,2026-02-16T16:00:00,1
5,Meeting000129,Auto-generated meeting 129 for user 5,Room3,2026-02-16T09:00:00,1
5,Meeting000130,Auto-generated meeting 130 for user 5,Room7,2026-02-16T11:00:00,2
6,Meeting000131,Auto-generated meeting 131 for user 6,Room10,2026-02-16T09:00:00,1
6,Meeting000132,Auto-generated meeting 132 for user 6,Room12,2026-02-16T12:00:00,3
6,Meeting000133,Auto-generated meeting 133 for user 6,Room9,2026-02-16T15:00:00,3
7,Meeting000134,Auto-generated meeting 134 for user 7,Room4,2026-02-16T13:00:00,1
8,Meeting000135,Auto-generated meeting 135 for user 8,Room3,2026-02-16T11:00:00,1
8,Meeting000136,Auto-generated meeting 136 for user 8,Room16,2026-02-16T12:00:00,3
8,Meeting000137,Auto-generated meeting 137 for user 8,Room17,2026-02-16T13:00:00,1
9,Meeting000138,Auto-generated meeting 138 for user 9,Room9,2026-02-16T15:00:00,3
10,Meeting000139,Auto-generated meeting 139 for user 10,Room1,2026-02-16T14:00:00,3
10,Meeting000140,Auto-generated meeting 140 for user 10,Room7,2026-02-16T14:00:00,3
2,Meeting000141,Auto-generated meeting 141 for user 2,Room16,2026-02-17T10:00:00,1
2,Meeting000142,Auto-generated meeting 142 for user 2,Room16,2026-02-17T14:00:00,3
3,Meeting000143,Auto-generated meeting 143 for user 3,Room7,2026-02-17T13:00:00,1
4,Meeting000144,Auto-generated meeting 144 for user 4,Room16,2026-02-17T14:00:00,3
5,Meeting000145,Auto-generated meeting 145 for user 5,Room11,2026-02-17T08:00:00,1
5,Meeting000146,Auto-generated meeting 146 for user 5,Room9,2026-02-17T15:00:00,2
6,Meeting000147,Auto-generated meeting 147 for user 6,Room14,2026-02-17T08:00:00,1
6,Meeting000148,Auto-generated meeting 148 for user 6,Room20,2026-02-17T11:00:00,2
7,Meeting000149,Auto-generated meeting 149 for user 7,Room6,2026-02-17T13:00:00,2
10,Meeting000150,Auto-generated meeting 150 for user 10,Room16,2026-02-17T12:00:00,2
2,Meeting000151,Auto-generated meeting 151 for user 2,Room2,2026-02-18T09:00:00,3
4,Meeting000152,Auto-generated meeting 152 for user 4,Room9,2026-02-18T11:00:00,2
4,Meeting000153,Auto-generated meeting 153 for user 4,Room11,2026-02-18T12:00:00,3
4,Meeting000154,Auto-generated meeting 154 for user 4,Room12,2026-02-18T16:00:00,1
5,Meeting000155,Auto-generated meeting 155 for user 5,Room1,2026-02-18T12:00:00,2
5,Meeting000156,Auto-generated meeting 156 for user 5,Room20,2026-02-18T14:00:00,3
5,Meeting000157,Auto-generated meeting 157 for user 5,Room19,2026-02-18T17:00:00,2
8,Meeting000158,Auto-generated meeting 158 for user 8,Room3,2026-02-18T08:00:00,1
8,Meeting000159,Auto-generated meeting 159 for user 8,Room14,2026-02-18T10:00:00,3
8,Meeting000160,Auto-generated meeting 160 for user 8,Room14,2026-02-18T14:00:00,2
9,Meeting000161,Auto-generated meeting 161 for user 9,Room7,2026-02-18T10:00:00,3
9,Meeting000162,Auto-generated meeting 162 for user 9,Room19,2026-02-18T11:00:00,1
9,Meeting000163,Auto-generated meeting 163 for user 9,Room9,2026-02-18T12:00:00,1
10,Meeting000164,Auto-generated meeting 164 for user 10,Room18,2026-02-18T09:00:00,2
1,Meeting000165,Auto-generated meeting 165 for user 1,Room19,2026-02-19T09:00:00,1
1,Meeting000166,Auto-generated meeting 166 for user 1,Room10,2026-02-19T13:00:00,2
2,Meeting000167,Auto-generated meeting 167 for user 2,Room16,2026-02-19T08:00:00,3
2,Meeting000168,Auto-generated meeting 168 for user 2,Room15,2026-02-19T14:00:00,2
2,Meeting000169,Auto-generated meeting 169 for user 2,Room18,2026-02-19T14:00:00,1
3,Meeting000170,Auto-generated meeting 170 for user 3,Room13,2026-02-19T09:00:00,1
3,Meeting000171,Auto-generated meeting 171 for user 3,Room13,2026-02-19T12:00:00,2
4,Meeting000172,Auto-generated meeting 172 for user 4,Room17,2026-02-19T10:00:00,1
4,Meeting000173,Auto-generated meeting 173 for user 4,Room14,2026-02-19T16:00:00,1
4,Meeting000174,Auto-generated meeting 174 for user 4,Room12,2026-02-19T17:00:00,3
5,Meeting000175,Auto-generated meeting 175 for user 5,Room17,2026-02-19T11:00:00,1
6,Meeting000176,Auto-generated meeting 176 for user 6,Room9,2026-02-19T11:00:00,1
6,Meeting000177,Auto-generated meeting 177 for user 6,Room12,2026-02-19T12:00:00,2
6,Meeting000178,Auto-generated meeting 178 for user 6,Room10,2026-02-19T17:00:00,3
9,Meeting000179,Auto-generated meeting 179 for user 9,Room7,2026-02-19T11:00:00,1
9,Meeting000180,Auto-generated meeting 180 for user 9,Room13,2026-02-19T14:00:00,1
9,Meeting000181,Auto-generated meeting 181 for user 9,Room1,2026-02-19T15:00:00,1
10,Meeting000182,Auto-generated meeting 182 for user 10,Room11,2026-02-19T09:00:00,2
10,Meeting000183,Auto-generated meeting 183 for user 10,Room17,2026-02-19T12:00:00,3
1,Meeting000184,Auto-generated meeting 184 for user 1,Room18,2026-02-20T10:00:00,3
1,Meeting000185,Auto-generated meeting 185 for user 1,Room10,2026-02-20T12:00:00,1
1,Meeting000186,Auto-generated meeting 186 for user 1,Room14,2026-02-20T13:00:00,2
2,Meeting000187,Auto-generated meeting 187 for user 2,Room17,2026-02-20T10:00:00,2
4,Meeting000188,Auto-generated meeting 188 for user 4,Room11,2026-02-20T08:00:00,2
4,Meeting000189,Auto-generated meeting 189 for user 4,Room12,2026-02-20T08:00:00,2
4,Meeting000190,Auto-generated meeting 190 for user 4,Room11,2026-02-20T17:00:00,3
5,Meeting000191,Auto-generated meeting 191 for user 5,Room7,2026-02-20T14:00:00,2
5,Meeting000192,Auto-generated meeting 192 for user 5,Room14,2026-02-20T15:00:00,3
5,Meeting000193,Auto-generated meeting 193 for user 5,Room5,2026-02-20T17:00:00,2
6,Meeting000194,Auto-generated meeting 194 for user 6,Room19,2026-02-20T13:00:00,1
6,Meeting000195,Auto-generated meeting 195 for user 6,Room14,2026-02-20T14:00:00,2
6,Meeting000196,Auto-generated meeting 196 for user 6,Room9,2026-02-20T16:00:00,1
8,Meeting000197,Auto-generated meeting 197 for user 8,Room4,2026-02-20T16:00:00,3
9,Meeting000198,Auto-generated meeting 198 for user 9,Room19,2026-02-20T09:00:00,3
2,Meeting000199,Auto-generated meeting 199 for user 2,Room8,2026-02-21T09:00:00,1
2,Meeting000200,Auto-generated meeting 200 for user 2,Room10,2026-02-21T09:00:00,3
3,Meeting000201,Auto-generated meeting 201 for user 3,Room10,2026-02-21T09:00:00,2
4,Meeting000202,Auto-generated meeting 202 for user 4,Room5,2026-02-21T11:00:00,2
7,Meeting000203,Auto-generated meeting 203 for user 7,Room6,2026-02-21T08:00:00,3
7,Meeting000204,Auto-generated meeting 204 for user 7,Room12,2026-02-21T09:00:00,2
7,Meeting000205,Auto-generated meeting 205 for user 7,Room16,2026-02-21T15:00:00,3
8,Meeting000206,Auto-generated meeting 206 for user 8,Room15,2026-02-21T08:00:00,3
8,Meeting000207,Auto-generated meeting 207 for user 8,Room19,2026-02-21T09:00:00,1
9,Meeting000208,Auto-generated meeting 208 for user 9,Room11,2026-02-21T09:00:00,2
9,Meeting000209,Auto-generated meeting 209 for user 9,Room12,2026-02-21T17:00:00,2
10,Meeting000210,Auto-generated meeting 210 for user 10,Room4,2026-02-21T08:00:00,2
10,Meeting000211,Auto-generated meeting 211 for user 10,Room16,2026-02-21T11:00:00,3
10,Meeting000212,Auto-generated meeting 212 for user 10,Room9,2026-02-21T13:00:00,1
1,Meeting000213,Auto-generated meeting 213 for user 1,Room16,2026-02-22T12:00:00,1
1,Meeting000214,Auto-generated meeting 214 for user 1,Room13,2026-02-22T16:00:00,3
1,Meeting000215,Auto-generated meeting 215 for user 1,Room11,2026-02-22T17:00:00,2
3,Meeting000216,Auto-generated meeting 216 for user 3,Room5,2026-02-22T12:00:00,3
3,Meeting000217,Auto-generated meeting 217 for user 3,Room17,2026-02-22T13:00:00,1
4,Meeting000218,Auto-generated meeting 218 for user 4,Room16,2026-02-22T08:00:00,1
5,Meeting000219,Auto-generated meeting 219 for user 5,Room18,2026-02-22T16:00:00,3
5,Meeting000220,Auto-generated meeting 220 for user 5,Room6,2026-02-22T17:00:00,1
6,Meeting000221,Auto-generated meeting 221 for user 6,Room7,2026-02-22T09:00:00,2
6,Meeting000222,Auto-generated meeting 222 for user 6,Room18,2026-02-22T11:00:00,1
6,Meeting000223,Auto-generated meeting 223 for user 6,Room2,2026-02-22T16:00:00,1
7,Meeting000224,Auto-generated meeting 224 for user 7,Room18,2026-02-22T08:00:00,3
8,Meeting000225,Auto-generated meeting 225 for user 8,Room11,2026-02-22T15:00:00,2
9,Meeting000226,Auto-generated meeting 226 for user 9,Room10,2026-02-22T15:00:00,2
9,Meeting000227,Auto-generated meeting 227 for user 9,Room12,2026-02-22T17:00:00,1
1,Meeting000228,Auto-generated meeting 228 for user 1,Room16,2026-02-23T12:00:00,1
1,Meeting000229,Auto-generated meeting 229 for user 1,Room16,2026-02-23T13:00:00,2
1,Meeting000230,Auto-generated meeting 230 for user 1,Room2,2026-02-23T13:00:00,3
3,Meeting000231,Auto-generated meeting 231 for user 3,Room11,2026-02-23T15:00:00,3
4,Meeting000232,Auto-generated meeting 232 for user 4,Room1,2026-02-23T12:00:00,2
4,Meeting000233,Auto-generated meeting 233 for user 4,Room8,2026-02-23T15:00:00,2
8,Meeting000234,Auto-generated meeting 234 for user 8,Room19,2026-02-23T09:00:00,1
8,Meeting000235,Auto-generated meeting 235 for user 8,Room11,2026-02-23T13:00:00,2
8,Meeting000236,Auto-generated meeting 236 for user 8,Room7,2026-02-23T16:00:00,2
9,Meeting000237,Auto-generated meeting 237 for user 9,Room7,2026-02-23T09:00:00,2
9,Meeting000238,Auto-generated meeting 238 for user 9,Room13,2026-02-23T10:00:00,3
9,Meeting000239,Auto-generated meeting 239 for user 9,Room10,2026-02-23T12:00:00,2
10,Meeting000240,Auto-generated meeting 240 for user 10,Room2,2026-02-23T09:00:00,1
10,Meeting000241,Auto-generated meeting 241 for user 10,Room10,2026-02-23T15:00:00,3
1,Meeting000242,Auto-generated meeting 242 for user 1,Room8,2026-02-24T16:00:00,3
2,Meeting000243,Auto-generated meeting 243 for user 2,Room14,2026-02-24T12:00:00,2
2,Meeting000244,Auto-generated meeting 244 for user 2,Room14,2026-02-24T12:00:00,1
2,Meeting000245,Auto-generated meeting 245 for user 2,Room12,2026-02-24T13:00:00,1
3,Meeting000246,Auto-generated meeting 246 for user 3,Room4,2026-02-24T12:00:00,1
7,Meeting000247,Auto-generated meeting 247 for user 7,Room7,2026-02-24T10:00:00,1
7,Meeting000248,Auto-generated meeting 248 for user 7,Room10,2026-02-24T16:00:00,3
7,Meeting000249,Auto-generated meeting 249 for user 7,Room7,2026-02-24T17:00:00,2
8,Meeting000250,Auto-generated meeting 250 for user 8,Room4,2026-02-24T10:00:00,3
8,Meeting000251,Auto-generated meeting 251 for user 8,Room17,2026-02-24T11:00:00,2
9,Meeting000252,Auto-generated meeting 252 for user 9,Room5,2026-02-24T16:00:00,3
10,Meeting000253,Auto-generated meeting 253 for user 10,Room4,2026-02-24T08:00:00,2
10,Meeting000254,Auto-generated meeting 254 for user 10,Room17,2026-02-24T09:00:00,3
10,Meeting000255,Auto-generated meeting 255 for user 10,Room18,2026-02-24T17:00:00,1
1,Meeting000256,Auto-generated meeting 256 for user 1,Room13,2026-02-25T17:00:00,2
4,Meeting000257,Auto-generated meeting 257 for user 4,Room4,2026-02-25T08:00:00,2
5,Meeting000258,Auto-generated meeting 258 for user 5,Room8,2026-02-25T14:00:00,1
5,Meeting000259,Auto-generated meeting 259 for user 5,Room11,2026-02-25T17:00:00,3
6,Meeting000260,Auto-generated meeting 260 for user 6,Room5,2026-02-25T09:00:00,1
6,Meeting000261,Auto-generated meeting 261 for user 6,Room12,2026-02-25T10:00:00,2
7,Meeting000262,Auto-generated meeting 262 for user 7,Room16,2026-02-25T12:00:00,1
7,Meeting000263,Auto-generated meeting 263 for user 7,Room17,2026-02-25T17:00:00,1
9,Meeting000264,Auto-generated meeting 264 for user 9,Room10,2026-02-25T14:00:00,3
10,Meeting000265,Auto-generated meeting 265 for user 10,Room1,2026-02-25T09:00:00,3
10,Meeting000266,Auto-generated meeting 266 for user 10,Room2,2026-02-25T14:00:00,3
1,Meeting000267,Auto-generated meeting 267 for user 1,Room1,2026-02-26T12:00:00,1
1,Meeting000268,Auto-generated meeting 268 for user 1,Room19,2026-02-26T17:00:00,3
2,Meeting000269,Auto-generated meeting 269 for user 2,Room20,2026-02-26T08:00:00,2
2,Meeting000270,Auto-generated meeting 270 for user 2,Room5,2026-02-26T16:00:00,2
2,Meeting000271,Auto-generated meeting 271 for user 2,Room13,2026-02-26T17:00:00,3
3,Meeting000272,Auto-generated meeting 272 for user 3,Room17,2026-02-26T10:00:00,3
3,Meeting000273,Auto-generated meeting 273 for user 3,Room14,2026-02-26T14:00:00,2
3,Meeting000274,Auto-generated meeting 274 for user 3,Room17,2026-02-26T17:00:00,3
4,Meeting000275,Auto-generated meeting 275 for user 4,Room1,2026-02-26T16:00:00,3
4,Meeting000276,Auto-generated meeting 276 for user 4,Room2,2026-02-26T17:00:00,3
6,Meeting000277,Auto-generated meeting 277 for user 6,Room12,2026-02-26T08:00:00,2
6,Meeting000278,Auto-generated meeting 278 for user 6,Room8,2026-02-26T09:00:00,3
6,Meeting000279,Auto-generated meeting 279 for user 6,Room16,2026-02-26T15:00:00,3
7,Meeting000280,Auto-generated meeting 280 for user 7,Room12,2026-02-26T09:00:00,3
7,Meeting000281,Auto-generated meeting 281 for user 7,Room11,2026-02-26T15:00:00,1
9,Meeting000282,Auto-generated meeting 282 for user 9,Room9,2026-02-26T09:00:00,1
9,Meeting000283,Auto-generated meeting 283 for user 9,Room11,2026-02-26T09:00:00,2
10,Meeting000284,Auto-generated meeting 284 for user 10,Room7,2026-02-26T10:00:00,1
10,Meeting000285,Auto-generated meeting 285 for user 10,Room14,2026-02-26T13:00:00,1
10,Meeting000286,Auto-generated meeting 286 for user 10,Room10,2026-02-26T16:00:00,2
1,Meeting000287,Auto-generated meeting 287 for user 1,Room2,2026-02-27T13:00:00,2
1,Meeting000288,Auto-generated meeting 288 for user 1,Room17,2026-02-27T16:00:00,3
3,Meeting000289,Auto-generated meeting 289 for user 3,Room7,2026-02-27T11:00:00,2
4,Meeting000290,Auto-generated meeting 290 for user 4,Room2,2026-02-27T08:00:00,3
4,Meeting000291,Auto-generated meeting 291 for user 4,Room5,2026-02-27T17:00:00,3
5,Meeting000292,Auto-generated meeting 292 for user 5,Room6,2026-02-27T08:00:00,3
5,Meeting000293,Auto-generated meeting 293 for user 5,Room13,2026-02-27T15:00:00,3
6,Meeting000294,Auto-generated meeting 294 for user 6,Room8,2026-02-27T15:00:00,1
6,Meeting000295,Auto-generated meeting 295 for user 6,Room6,2026-02-27T16:00:00,1
7,Meeting000296,Auto-generated meeting 296 for user 7,Room4,2026-02-27T10:00:00,2
7,Meeting000297,Auto-generated meeting 297 for user 7,Room13,2026-02-27T11:00:00,2
8,Meeting000298,Auto-generated meeting 298 for user 8,Room9,2026-02-27T11:00:00,3
9,Meeting000299,Auto-generated meeting 299 for user 9,Room7,2026-02-27T11:00:00,2
10,Meeting000300,Auto-generated meeting 300 for user 10,Room20,2026-02-27T12:00:00,2
10,Meeting000301,Auto-generated meeting 301 for user 10,Room20,2026-02-27T13:00:00,2
10,Meeting000302,Auto-generated meeting 302 for user 10,Room8,2026-02-27T16:00:00,1
1,Meeting000303,Auto-generated meeting 303 for user 1,Room8,2026-02-28T14:00:00,3
2,Meeting000304,Auto-generated meeting 304 for user 2,Room3,2026-02-28T10:00:00,3
3,Meeting000305,Auto-generated meeting 305 for user 3,Room13,2026-02-28T08:00:00,1
3,Meeting000306,Auto-generated meeting 306 for user 3,Room5,2026-02-28T13:00:00,3
3,Meeting000307,Auto-generated meeting 307 for user 3,Room6,2026-02-28T15:00:00,1
4,Meeting000308,Auto-generated meeting 308 for user 4,Room1,2026-02-28T09:00:00,1
4,Meeting000309,Auto-generated meeting 309 for user 4,Room13,2026-02-28T13:00:00,1
6,Meeting000310,Auto-generated meeting 310 for user 6,Room6,2026-02-28T15:00:00,1
6,Meeting000311,Auto-generated meeting 311 for user 6,Room5,2026-02-28T16:00:00,3
7,Meeting000312,Auto-generated meeting 312 for user 7,Room17,2026-02-28T11:00:00,2
7,Meeting000313,Auto-generated meeting 313 for user 7,Room10,2026-02-28T17:00:00,2
8,Meeting000314,Auto-generated meeting 314 for user 8,Room5,2026-02-28T14:00:00,3
8,Meeting000315,Auto-generated meeting 315 for user 8,Room15,2026-02-28T15:00:00,3
8,Meeting000316,Auto-generated meeting 316 for user 8,Room18,2026-02-28T16:00:00,1
9,Meeting000317,Auto-generated meeting 317 for user 9,Room16,2026-02-28T11:00:00,2
10,Meeting000318,Auto-generated meeting 318 for user 10,Room7,2026-02-28T08:00:00,2
10,Meeting000319,Auto-generated meeting 319 for user 10,Room1,2026-02-28T11:00:00,2
10,Meeting000320,Auto-generated meeting 320 for user 10,Room8,2026-02-28T14:00:00,3
1,Meeting000321,Auto-generated meeting 321 for user 1,Room2,2026-03-01T09:00:00,3
1,Meeting000322,Auto-generated meeting 322 for user 1,Room1,2026-03-01T12:00:00,1
1,Meeting000323,Auto-generated meeting 323 for user 1,Room19,2026-03-01T15:00:00,2
2,Meeting000324,Auto-generated meeting 324 for user 2,Room6,2026-03-01T10:00:00,2
2,Meeting000325,Auto-generated meeting 325 for user 2,Room2,2026-03-01T15:00:00,2
3,Meeting000326,Auto-generated meeting 326 for user 3,Room8,2026-03-01T17:00:00,1
4,Meeting000327,Auto-generated meeting 327 for user 4,Room4,2026-03-01T15:00:00,2
5,Meeting000328,Auto-generated meeting 328 for user 5,Room1,2026-03-01T12:00:00,1
6,Meeting000329,Auto-generated meeting 329 for user 6,Room19,2026-03-01T11:00:00,2
7,Meeting000330,Auto-generated meeting 330 for user 7,Room6,2026-03-01T08:00:00,2
7,Meeting000331,Auto-generated meeting 331 for user 7,Room5,2026-03-01T14:00:00,2
8,Meeting000332,Auto-generated meeting 332 for user 8,Room14,2026-03-01T09:00:00,1
8,Meeting000333,Auto-generated meeting 333 for user 8,Room14,2026-03-01T10:00:00,1
8,Meeting000334,Auto-generated meeting 334 for user 8,Room1,2026-03-01T13:00:00,3
9,Meeting000335,Auto-generated meeting 335 for user 9,Room8,2026-03-01T11:00:00,1
9,Meeting000336,Auto-generated meeting 336 for user 9,Room10,2026-03-01T12:00:00,3
9,Meeting000337,Auto-generated meeting 337 for user 9,Room17,2026-03-01T16:00:00,3
1,Meeting000338,Auto-generated meeting 338 for user 1,Room5,2026-03-02T10:00:00,1
1,Meeting000339,Auto-generated meeting 339 for user 1,Room8,2026-03-02T15:00:00,1
1,Meeting000340,Auto-generated meeting 340 for user 1,Room11,2026-03-02T17:00:00,3
2,Meeting000341,Auto-generated meeting 341 for user 2,Room8,2026-03-02T14:00:00,1
5,Meeting000342,Auto-generated meeting 342 for user 5,Room11,2026-03-02T12:00:00,1
5,Meeting000343,Auto-generated meeting 343 for user 5,Room15,2026-03-02T15:00:00,2
6,Meeting000344,Auto-generated meeting 344 for user 6,Room2,2026-03-02T08:00:00,3
8,Meeting000345,Auto-generated meeting 345 for user 8,Room12,2026-03-02T09:00:00,3
8,Meeting000346,Auto-generated meeting 346 for user 8,Room12,2026-03-02T10:00:00,1
8,Meeting000347,Auto-generated meeting 347 for user 8,Room20,2026-03-02T14:00:00,2
9,Meeting000348,Auto-generated meeting 348 for user 9,Room6,2026-03-02T09:00:00,1
9,Meeting000349,Auto-generated meeting 349 for user 9,Room9,2026-03-02T15:00:00,1
9,Meeting000350,Auto-generated meeting 350 for user 9,Room19,2026-03-02T16:00:00,1
10,Meeting000351,Auto-generated meeting 351 for user 10,Room4,2026-03-02T08:00:00,3
10,Meeting000352,Auto-generated meeting 352 for user 10,Room9,2026-03-02T12:00:00,3
10,Meeting000353,Auto-generated meeting 353 for user 10,Room15,2026-03-02T17:00:00,3
1,Meeting000354,Auto-generated meeting 354 for user 1,Room17,2026-03-03T10:00:00,1
1,Meeting000355,Auto-generated meeting 355 for user 1,Room13,2026-03-03T12:00:00,1
1,Meeting000356,Auto-generated meeting 356 for user 1,Room5,2026-03-03T14:00:00,3
2,Meeting000357,Auto-generated meeting 357 for user 2,Room19,2026-03-03T10:00:00,3
3,Meeting000358,Auto-generated meeting 358 for user 3,Room9,2026-03-03T17:00:00,3
4,Meeting000359,Auto-generated meeting 359 for user 4,Room17,2026-03-03T12:00:00,2
4,Meeting000360,Auto-generated meeting 360 for user 4,Room8,2026-03-03T13:00:00,1
4,Meeting000361,Auto-generated meeting 361 for user 4,Room2,2026-03-03T13:00:00,3
5,Meeting000362,Auto-generated meeting 362 for user 5,Room7,2026-03-03T08:00:00,1
6,Meeting000363,Auto-generated meeting 363 for user 6,Room6,2026-03-03T09:00:00,1
7,Meeting000364,Auto-generated meeting 364 for user 7,Room18,2026-03-03T11:00:00,1
8,Meeting000365,Auto-generated meeting 365 for user 8,Room19,2026-03-03T09:00:00,1
9,Meeting000366,Auto-generated meeting 366 for user 9,Room5,2026-03-03T11:00:00,3
9,Meeting000367,Auto-generated meeting 367 for user 9,Room8,2026-03-03T15:00:00,2
1,Meeting000368,Auto-generated meeting 368 for user 1,Room4,2026-03-04T08:00:00,3
1,Meeting000369,Auto-generated meeting 369 for user 1,Room8,2026-03-04T14:00:00,2
2,Meeting000370,Auto-generated meeting 370 for user 2,Room9,2026-03-04T12:00:00,3
2,Meeting000371,Auto-generated meeting 371 for user 2,Room9,2026-03-04T13:00:00,1
3,Meeting000372,Auto-generated meeting 372 for user 3,Room19,2026-03-04T08:00:00,1
3,Meeting000373,Auto-generated meeting 373 for user 3,Room16,2026-03-04T13:00:00,1
4,Meeting000374,Auto-generated meeting 374 for user 4,Room4,2026-03-04T11:00:00,3
4,Meeting000375,Auto-generated meeting 375 for user 4,Room3,2026-03-04T14:00:00,3
5,Meeting000376,Auto-generated meeting 376 for user 5,Room16,2026-03-04T15:00:00,1
6,Meeting000377,Auto-generated meeting 377 for user 6,Room12,2026-03-04T14:00:00,3
6,Meeting000378,Auto-generated meeting 378 for user 6,Room7,2026-03-04T15:00:00,2
7,Meeting000379,Auto-generated meeting 379 for user 7,Room7,2026-03-04T10:00:00,3
7,Meeting000380,Auto-generated meeting 380 for user 7,Room10,2026-03-04T14:00:00,1
8,Meeting000381,Auto-generated meeting 381 for user 8,Room18,2026-03-04T08:00:00,3
8,Meeting000382,Auto-generated meeting 382 for user 8,Room13,2026-03-04T17:00:00,2
9,Meeting000383,Auto-generated meeting 383 for user 9,Room2,2026-03-04T14:00:00,1
9,Meeting000384,Auto-generated meeting 384 for user 9,Room16,2026-03-04T15:00:00,2
10,Meeting000385,Auto-generated meeting 385 for user 10,Room15,2026-03-04T13:00:00,2
2,Meeting000386,Auto-generated meeting 386 for user 2,Room15,2026-03-05T14:00:00,3
3,Meeting000387,Auto-generated meeting 387 for user 3,Room19,2026-03-05T11:00:00,3
3,Meeting000388,Auto-generated meeting 388 for user 3,Room16,2026-03-05T14:00:00,3
3,Meeting000389,Auto-generated meeting 389 for user 3,Room6,2026-03-05T15:00:00,1
5,Meeting000390,Auto-generated meeting 390 for user 5,Room15,2026-03-05T08:00:00,1
5,Meeting000391,Auto-generated meeting 391 for user 5,Room1,2026-03-05T10:00:00,1
5,Meeting000392,Auto-generated meeting 392 for user 5,Room3,2026-03-05T16:00:00,3
6,Meeting000393,Auto-generated meeting 393 for user 6,Room8,2026-03-05T09:00:00,3
6,Meeting000394,Auto-generated meeting 394 for user 6,Room16,2026-03-05T16:00:00,3
6,Meeting000395,Auto-generated meeting 395 for user 6,Room3,2026-03-05T17:00:00,1
7,Meeting000396,Auto-generated meeting 396 for user 7,Room7,2026-03-05T08:00:00,2
7,Meeting000397,Auto-generated meeting 397 for user 7,Room2,2026-03-05T10:00:00,1
8,Meeting000398,Auto-generated meeting 398 for user 8,Room3,2026-03-05T10:00:00,1
8,Meeting000399,Auto-generated meeting 399 for user 8,Room19,2026-03-05T12:00:00,1
8,Meeting000400,Auto-generated meeting 400 for user 8,Room15,2026-03-05T17:00:00,3
9,Meeting000401,Auto-generated meeting 401 for user 9,Room7,2026-03-05T17:00:00,1
10,Meeting000402,Auto-generated meeting 402 for user 10,Room18,2026-03-05T14:00:00,2
1,Meeting000403,Auto-generated meeting 403 for user 1,Room15,2026-03-06T08:00:00,3
1,Meeting000404,Auto-generated meeting 404 for user 1,Room2,2026-03-06T11:00:00,1
2,Meeting000405,Auto-generated meeting 405 for user 2,Room17,2026-03-06T11:00:00,1
3,Meeting000406,Auto-generated meeting 406 for user 3,Room10,2026-03-06T16:00:00,1
4,Meeting000407,Auto-generated meeting 407 for user 4,Room2,2026-03-06T09:00:00,3
5,Meeting000408,Auto-generated meeting 408 for user 5,Room6,2026-03-06T09:00:00,3
6,Meeting000409,Auto-generated meeting 409 for user 6,Room11,2026-03-06T13:00:00,2
6,Meeting000410,Auto-generated meeting 410 for user 6,Room1,2026-03-06T14:00:00,2
6,Meeting000411,Auto-generated meeting 411 for user 6,Room5,2026-03-06T16:00:00,3
7,Meeting000412,Auto-generated meeting 412 for user 7,Room3,2026-03-06T11:00:00,2
7,Meeting000413,Auto-generated meeting 413 for user 7,Room16,2026-03-06T15:00:00,1
8,Meeting000414,Auto-generated meeting 414 for user 8,Room11,2026-03-06T08:00:00,3
8,Meeting000415,Auto-generated meeting 415 for user 8,Room13,2026-03-06T12:00:00,3
8,Meeting000416,Auto-generated meeting 416 for user 8,Room2,2026-03-06T17:00:00,1
10,Meeting000417,Auto-generated meeting 417 for user 10,Room2,2026-03-06T08:00:00,2
10,Meeting000418,Auto-generated meeting 418 for user 10,Room4,2026-03-06T16:00:00,1
1,Meeting000419,Auto-generated meeting 419 for user 1,Room9,2026-03-07T12:00:00,3
3,Meeting000420,Auto-generated meeting 420 for user 3,Room10,2026-03-07T17:00:00,3
4,Meeting000421,Auto-generated meeting 421 for user 4,Room20,2026-03-07T12:00:00,3
4,Meeting000422,Auto-generated meeting 422 for user 4,Room20,2026-03-07T14:00:00,2
5,Meeting000423,Auto-generated meeting 423 for user 5,Room20,2026-03-07T11:00:00,1
5,Meeting000424,Auto-generated meeting 424 for user 5,Room13,2026-03-07T11:00:00,1
5,Meeting000425,Auto-generated meeting 425 for user 5,Room16,2026-03-07T13:00:00,3
6,Meeting000426,Auto-generated meeting 426 for user 6,Room17,2026-03-07T10:00:00,3
6,Meeting000427,Auto-generated meeting 427 for user 6,Room4,2026-03-07T13:00:00,1
6,Meeting000428,Auto-generated meeting 428 for user 6,Room13,2026-03-07T14:00:00,3
7,Meeting000429,Auto-generated meeting 429 for user 7,Room1,2026-03-07T09:00:00,2
7,Meeting000430,Auto-generated meeting 430 for user 7,Room6,2026-03-07T12:00:00,1
7,Meeting000431,Auto-generated meeting 431 for user 7,Room13,2026-03-07T12:00:00,1
8,Meeting000432,Auto-generated meeting 432 for user 8,Room17,2026-03-07T11:00:00,2
8,Meeting000433,Auto-generated meeting 433 for user 8,Room14,2026-03-07T11:00:00,2
8,Meeting000434,Auto-generated meeting 434 for user 8,Room20,2026-03-07T15:00:00,2
10,Meeting000435,Auto-generated meeting 435 for user 10,Room2,2026-03-07T10:00:00,3
10,Meeting000436,Auto-generated meeting 436 for user 10,Room13,2026-03-07T11:00:00,1
1,Meeting000437,Auto-generated meeting 437 for user 1,Room9,2026-03-08T15:00:00,3
2,Meeting000438,Auto-generated meeting 438 for user 2,Room15,2026-03-08T08:00:00,2
2,Meeting000439,Auto-generated meeting 439 for user 2,Room1,2026-03-08T10:00:00,3
2,Meeting000440,Auto-generated meeting 440 for user 2,Room10,2026-03-08T12:00:00,1
3,Meeting000441,Auto-generated meeting 441 for user 3,Room10,2026-03-08T09:00:00,3
3,Meeting000442,Auto-generated meeting 442 for user 3,Room12,2026-03-08T14:00:00,2
3,Meeting000443,Auto-generated meeting 443 for user 3,Room1,2026-03-08T16:00:00,3
4,Meeting000444,Auto-generated meeting 444 for user 4,Room7,2026-03-08T09:00:00,1
4,Meeting000445,Auto-generated meeting 445 for user 4,Room16,2026-03-08T12:00:00,1
4,Meeting000446,Auto-generated meeting 446 for user 4,Room17,2026-03-08T13:00:00,3
5,Meeting000447,Auto-generated meeting 447 for user 5,Room13,2026-03-08T16:00:00,2
6,Meeting000448,Auto-generated meeting 448 for user 6,Room19,2026-03-08T11:00:00,2
6,Meeting000449,Auto-generated meeting 449 for user 6,Room3,2026-03-08T17:00:00,1
7,Meeting000450,Auto-generated meeting 450 for user 7,Room17,2026-03-08T10:00:00,3
9,Meeting000451,Auto-generated meeting 451 for user 9,Room18,2026-03-08T10:00:00,1
9,Meeting000452,Auto-generated meeting 452 for user 9,Room10,2026-03-08T13:00:00,1
10,Meeting000453,Auto-generated meeting 453 for user 10,Room2,2026-03-08T08:00:00,3
1,Meeting000454,Auto-generated meeting 454 for user 1,Room6,2026-03-09T13:00:00,3
1,Meeting000455,Auto-generated meeting 455 for user 1,Room7,2026-03-09T15:00:00,2
1,Meeting000456,Auto-generated meeting 456 for user 1,Room12,2026-03-09T17:00:00,3
2,Meeting000457,Auto-generated meeting 457 for user 2,Room20,2026-03-09T12:00:00,2
4,Meeting000458,Auto-generated meeting 458 for user 4,Room16,2026-03-09T08:00:00,3
4,Meeting000459,Auto-generated meeting 459 for user 4,Room5,2026-03-09T14:00:00,2
7,Meeting000460,Auto-generated meeting 460 for user 7,Room18,2026-03-09T16:00:00,1
9,Meeting000461,Auto-generated meeting 461 for user 9,Room2,2026-03-09T11:00:00,2
9,Meeting000462,Auto-generated meeting 462 for user 9,Room9,2026-03-09T16:00:00,1
1,Meeting000463,Auto-generated meeting 463 for user 1,Room17,2026-03-10T11:00:00,2
1,Meeting000464,Auto-generated meeting 464 for user 1,Room18,2026-03-10T14:00:00,2
2,Meeting000465,Auto-generated meeting 465 for user 2,Room16,2026-03-10T08:00:00,2
2,Meeting000466,Auto-generated meeting 466 for user 2,Room9,2026-03-10T13:00:00,3
3,Meeting000467,Auto-generated meeting 467 for user 3,Room13,2026-03-10T15:00:00,3
4,Meeting000468,Auto-generated meeting 468 for user 4,Room6,2026-03-10T09:00:00,2
4,Meeting000469,Auto-generated meeting 469 for user 4,Room14,2026-03-10T10:00:00,2
4,Meeting000470,Auto-generated meeting 470 for user 4,Room14,2026-03-10T12:00:00,2
5,Meeting000471,Auto-generated meeting 471 for user 5,Room16,2026-03-10T08:00:00,3
5,Meeting000472,Auto-generated meeting 472 for user 5,Room16,2026-03-10T10:00:00,3
5,Meeting000473,Auto-generated meeting 473 for user 5,Room15,2026-03-10T15:00:00,1
6,Meeting000474,Auto-generated meeting 474 for user 6,Room17,2026-03-10T11:00:00,2
6,Meeting000475,Auto-generated meeting 475 for user 6,Room9,2026-03-10T13:00:00,3
6,Meeting000476,Auto-generated meeting 476 for user 6,Room17,2026-03-10T14:00:00,3
8,Meeting000477,Auto-generated meeting 477 for user 8,Room5,2026-03-10T09:00:00,3
8,Meeting000478,Auto-generated meeting 478 for user 8,Room10,2026-03-10T13:00:00,1
9,Meeting000479,Auto-generated meeting 479 for user 9,Room10,2026-03-10T10:00:00,2
10,Meeting000480,Auto-generated meeting 480 for user 10,Room17,2026-03-10T16:00:00,3
1,Meeting000481,Auto-generated meeting 481 for user 1,Room3,2026-03-11T08:00:00,2
1,Meeting000482,Auto-generated meeting 482 for user 1,Room13,2026-03-11T08:00:00,1
2,Meeting000483,Auto-generated meeting 483 for user 2,Room11,2026-03-11T09:00:00,1
2,Meeting000484,Auto-generated meeting 484 for user 2,Room2,2026-03-11T11:00:00,2
2,Meeting000485,Auto-generated meeting 485 for user 2,Room14,2026-03-11T13:00:00,2
6,Meeting000486,Auto-generated meeting 486 for user 6,Room15,2026-03-11T17:00:00,3
8,Meeting000487,Auto-generated meeting 487 for user 8,Room2,2026-03-11T14:00:00,2
8,Meeting000488,Auto-generated meeting 488 for user 8,Room8,2026-03-11T15:00:00,2
9,Meeting000489,Auto-generated meeting 489 for user 9,Room13,2026-03-11T08:00:00,1
9,Meeting000490,Auto-generated meeting 490 for user 9,Room9,2026-03-11T15:00:00,3
10,Meeting000491,Auto-generated meeting 491 for user 10,Room14,2026-03-11T16:00:00,3
1,Meeting000492,Auto-generated meeting 492 for user 1,Room18,2026-03-12T12:00:00,3
1,Meeting000493,Auto-generated meeting 493 for user 1,Room5,2026-03-12T13:00:00,2
2,Meeting000494,Auto-generated meeting 494 for user 2,Room20,2026-03-12T11:00:00,2
3,Meeting000495,Auto-generated meeting 495 for user 3,Room16,2026-03-12T12:00:00,2
3,Meeting000496,Auto-generated meeting 496 for user 3,Room17,2026-03-12T14:00:00,2
4,Meeting000497,Auto-generated meeting 497 for user 4,Room11,2026-03-12T16:00:00,2
5,Meeting000498,Auto-generated meeting 498 for user 5,Room18,2026-03-12T17:00:00,2
7,Meeting000499,Auto-generated meeting 499 for user 7,Room5,2026-03-12T12:00:00,2
7,Meeting000500,Auto-generated meeting 500 for user 7,Room11,2026-03-12T13:00:00,1
9,Meeting000501,Auto-generated meeting 501 for user 9,Room13,2026-03-12T12:00:00,2
9,Meeting000502,Auto-generated meeting 502 for user 9,Room12,2026-03-12T13:00:00,3
9,Meeting000503,Auto-generated meeting 503 for user 9,Room2,2026-03-12T15:00:00,1
10,Meeting000504,Auto-generated meeting 504 for user 10,Room14,2026-03-12T08:00:00,2
10,Meeting000505,Auto-generated meeting 505 for user 10,Room13,2026-03-12T08:00:00,2
10,Meeting000506,Auto-generated meeting 506 for user 10,Room14,2026-03-12T12:00:00,1
1,Meeting000507,Auto-generated meeting 507 for user 1,Room2,2026-03-13T11:00:00,3
1,Meeting000508,Auto-generated meeting 508 for user 1,Room11,2026-03-13T15:00:00,2
3,Meeting000509,Auto-generated meeting 509 for user 3,Room2,2026-03-13T08:00:00,1
3,Meeting000510,Auto-generated meeting 510 for user 3,Room5,2026-03-13T09:00:00,3
3,Meeting000511,Auto-generated meeting 511 for user 3,Room8,2026-03-13T15:00:00,3
4,Meeting000512,Auto-generated meeting 512 for user 4,Room8,2026-03-13T10:00:00,1
4,Meeting000513,Auto-generated meeting 513 for user 4,Room11,2026-03-13T17:00:00,1
5,Meeting000514,Auto-generated meeting 514 for user 5,Room7,2026-03-13T08:00:00,2
6,Meeting000515,Auto-generated meeting 515 for user 6,Room11,2026-03-13T09:00:00,2
6,Meeting000516,Auto-generated meeting 516 for user 6,Room16,2026-03-13T13:00:00,1
6,Meeting000517,Auto-generated meeting 517 for user 6,Room20,2026-03-13T14:00:00,3
7,Meeting000518,Auto-generated meeting 518 for user 7,Room16,2026-03-13T09:00:00,3
7,Meeting000519,Auto-generated meeting 519 for user 7,Room4,2026-03-13T16:00:00,1
9,Meeting000520,Auto-generated meeting 520 for user 9,Room6,2026-03-13T08:00:00,1
9,Meeting000521,Auto-generated meeting 521 for user 9,Room18,2026-03-13T09:00:00,1
9,Meeting000522,Auto-generated meeting 522 for user 9,Room14,2026-03-13T12:00:00,3
10,Meeting000523,Auto-generated meeting 523 for user 10,Room14,2026-03-13T10:00:00,2
10,Meeting000524,Auto-generated meeting 524 for user 10,Room9,2026-03-13T15:00:00,1
10,Meeting000525,Auto-generated meeting 525 for user 10,Room11,2026-03-13T17:00:00,1
1,Meeting000526,Auto-generated meeting 526 for user 1,Room10,2026-03-14T08:00:00,1
1,Meeting000527,Auto-generated meeting 527 for user 1,Room1,2026-03-14T11:00:00,3
1,Meeting000528,Auto-generated meeting 528 for user 1,Room15,2026-03-14T13:00:00,1
2,Meeting000529,Auto-generated meeting 529 for user 2,Room2,2026-03-14T14:00:00,1
2,Meeting000530,Auto-generated meeting 530 for user 2,Room6,2026-03-14T15:00:00,2
3,Meeting000531,Auto-generated meeting 531 for user 3,Room8,2026-03-14T15:00:00,3
3,Meeting000532,Auto-generated meeting 532 for user 3,Room7,2026-03-14T16:00:00,3
4,Meeting000533,Auto-generated meeting 533 for user 4,Room7,2026-03-14T11:00:00,3
4,Meeting000534,Auto-generated meeting 534 for user 4,Room6,2026-03-14T16:00:00,1
4,Meeting000535,Auto-generated meeting 535 for user 4,Room12,2026-03-14T17:00:00,1
5,Meeting000536,Auto-generated meeting 536 for user 5,Room20,2026-03-14T15:00:00,2
6,Meeting000537,Auto-generated meeting 537 for user 6,Room12,2026-03-14T11:00:00,3
7,Meeting000538,Auto-generated meeting 538 for user 7,Room2,2026-03-14T15:00:00,1
7,Meeting000539,Auto-generated meeting 539 for user 7,Room3,2026-03-14T16:00:00,3
8,Meeting000540,Auto-generated meeting 540 for user 8,Room6,2026-03-14T12:00:00,1
8,Meeting000541,Auto-generated meeting 541 for user 8,Room15,2026-03-14T15:00:00,2
9,Meeting000542,Auto-generated meeting 542 for user 9,Room10,2026-03-14T09:00:00,2
9,Meeting000543,Auto-generated meeting 543 for user 9,Room1,2026-03-14T14:00:00,2
10,Meeting000544,Auto-generated meeting 544 for user 10,Room1,2026-03-14T11:00:00,3
10,Meeting000545,Auto-generated meeting 545 for user 10,Room8,2026-03-14T15:00:00,3
10,Meeting000546,Auto-generated meeting 546 for user 10,Room17,2026-03-14T17:00:00,2
1,Meeting000547,Auto-generated meeting 547 for user 1,Room17,2026-03-15T11:00:00,1
1,Meeting000548,Auto-generated meeting 548 for user 1,Room13,2026-03-15T15:00:00,1
1,Meeting000549,Auto-generated meeting 549 for user 1,Room20,2026-03-15T16:00:00,1
2,Meeting000550,Auto-generated meeting 550 for user 2,Room13,2026-03-15T10:00:00,2
2,Meeting000551,Auto-generated meeting 551 for user 2,Room19,2026-03-15T11:00:00,2
2,Meeting000552,Auto-generated meeting 552 for user 2,Room19,2026-03-15T13:00:00,2
3,Meeting000553,Auto-generated meeting 553 for user 3,Room20,2026-03-15T11:00:00,3
3,Meeting000554,Auto-generated meeting 554 for user 3,Room7,2026-03-15T15:00:00,1
3,Meeting000555,Auto-generated meeting 555 for user 3,Room8,2026-03-15T17:00:00,3
4,Meeting000556,Auto-generated meeting 556 for user 4,Room8,2026-03-15T09:00:00,3
4,Meeting000557,Auto-generated meeting 557 for user 4,Room15,2026-03-15T12:00:00,1
6,Meeting000558,Auto-generated meeting 558 for user 6,Room10,2026-03-15T11:00:00,1
6,Meeting000559,Auto-generated meeting 559 for user 6,Room8,2026-03-15T14:00:00,2
6,Meeting000560,Auto-generated meeting 560 for user 6,Room15,2026-03-15T16:00:00,3
7,Meeting000561,Auto-generated meeting 561 for user 7,Room5,2026-03-15T10:00:00,1
7,Meeting000562,Auto-generated meeting 562 for user 7,Room6,2026-03-15T15:00:00,1
8,Meeting000563,Auto-generated meeting 563 for user 8,Room7,2026-03-15T14:00:00,3
8,Meeting000564,Auto-generated meeting 564 for user 8,Room2,2026-03-15T17:00:00,2
9,Meeting000565,Auto-generated meeting 565 for user 9,Room8,2026-03-15T14:00:00,2
9,Meeting000566,Auto-generated meeting 566 for user 9,Room14,2026-03-15T15:00:00,2
9,Meeting000567,Auto-generated meeting 567 for user 9,Room19,2026-03-15T17:00:00,1
10,Meeting000568,Auto-generated meeting 568 for user 10,Room9,2026-03-15T15:00:00,3
2,Meeting000569,Auto-generated meeting 569 for user 2,Room15,2026-03-16T08:00:00,2
3,Meeting000570,Auto-generated meeting 570 for user 3,Room15,2026-03-16T17:00:00,1
4,Meeting000571,Auto-generated meeting 571 for user 4,Room6,2026-03-16T09:00:00,3
4,Meeting000572,Auto-generated meeting 572 for user 4,Room4,2026-03-16T11:00:00,3
4,Meeting000573,Auto-generated meeting 573 for user 4,Room3,2026-03-16T13:00:00,2
6,Meeting000574,Auto-generated meeting 574 for user 6,Room8,2026-03-16T11:00:00,1
7,Meeting000575,Auto-generated meeting 575 for user 7,Room17,2026-03-16T08:00:00,1
8,Meeting000576,Auto-generated meeting 576 for user 8,Room3,2026-03-16T08:00:00,3
8,Meeting000577,Auto-generated meeting 577 for user 8,Room14,2026-03-16T09:00:00,1
8,Meeting000578,Auto-generated meeting 578 for user 8,Room8,2026-03-16T11:00:00,1
9,Meeting000579,Auto-generated meeting 579 for user 9,Room14,2026-03-16T13:00:00,3
1,Meeting000580,Auto-generated meeting 580 for user 1,Room17,2026-03-17T13:00:00,2
4,Meeting000581,Auto-generated meeting 581 for user 4,Room8,2026-03-17T09:00:00,3
4,Meeting000582,Auto-generated meeting 582 for user 4,Room12,2026-03-17T16:00:00,1
5,Meeting000583,Auto-generated meeting 583 for user 5,Room6,2026-03-17T15:00:00,3
6,Meeting000584,Auto-generated meeting 584 for user 6,Room3,2026-03-17T13:00:00,3
6,Meeting000585,Auto-generated meeting 585 for user 6,Room15,2026-03-17T17:00:00,3
7,Meeting000586,Auto-generated meeting 586 for user 7,Room13,2026-03-17T16:00:00,3
9,Meeting000587,Auto-generated meeting 587 for user 9,Room7,2026-03-17T10:00:00,2
1,Meeting000588,Auto-generated meeting 588 for user 1,Room5,2026-03-18T14:00:00,2
1,Meeting000589,Auto-generated meeting 589 for user 1,Room14,2026-03-18T14:00:00,1
2,Meeting000590,Auto-generated meeting 590 for user 2,Room6,2026-03-18T13:00:00,1
3,Meeting000591,Auto-generated meeting 591 for user 3,Room12,2026-03-18T08:00:00,2
3,Meeting000592,Auto-generated meeting 592 for user 3,Room7,2026-03-18T09:00:00,3
3,Meeting000593,Auto-generated meeting 593 for user 3,Room8,2026-03-18T12:00:00,1
5,Meeting000594,Auto-generated meeting 594 for user 5,Room14,2026-03-18T13:00:00,2
6,Meeting000595,Auto-generated meeting 595 for user 6,Room11,2026-03-18T15:00:00,1
6,Meeting000596,Auto-generated meeting 596 for user 6,Room7,2026-03-18T16:00:00,3
6,Meeting000597,Auto-generated meeting 597 for user 6,Room9,2026-03-18T17:00:00,2
7,Meeting000598,Auto-generated meeting 598 for user 7,Room11,2026-03-18T09:00:00,1
7,Meeting000599,Auto-generated meeting 599 for user 7,Room15,2026-03-18T12:00:00,2
8,Meeting000600,Auto-generated meeting 600 for user 8,Room13,2026-03-18T09:00:00,3
8,Meeting000601,Auto-generated meeting 601 for user 8,Room8,2026-03-18T15:00:00,2
9,Meeting000602,Auto-generated meeting 602 for user 9,Room2,2026-03-18T10:00:00,3
9,Meeting000603,Auto-generated meeting 603 for user 9,Room6,2026-03-18T12:00:00,2
9,Meeting000604,Auto-generated meeting 604 for user 9,Room3,2026-03-18T15:00:00,2
10,Meeting000605,Auto-generated meeting 605 for user 10,Room9,2026-03-18T09:00:00,2
10,Meeting000606,Auto-generated meeting 606 for user 10,Room16,2026-03-18T10:00:00,2
10,Meeting000607,Auto-generated meeting 607 for user 10,Room10,2026-03-18T11:00:00,1
1,Meeting000608,Auto-generated meeting 608 for user 1,Room2,2026-03-19T08:00:00,3
1,Meeting000609,Auto-generated meeting 609 for user 1,Room18,2026-03-19T11:00:00,1
3,Meeting000610,Auto-generated meeting 610 for user 3,Room2,2026-03-19T16:00:00,2
7,Meeting000611,Auto-generated meeting 611 for user 7,Room6,2026-03-19T13:00:00,3
7,Meeting000612,Auto-generated meeting 612 for user 7,Room20,2026-03-19T15:00:00,3
7,Meeting000613,Auto-generated meeting 613 for user 7,Room19,2026-03-19T16:00:00,3
9,Meeting000614,Auto-generated meeting 614 for user 9,Room13,2026-03-19T14:00:00,2
9,Meeting000615,Auto-generated meeting 615 for user 9,Room3,2026-03-19T17:00:00,2
1,Meeting000616,Auto-generated meeting 616 for user 1,Room20,2026-03-20T11:00:00,3
3,Meeting000617,Auto-generated meeting 617 for user 3,Room4,2026-03-20T08:00:00,3
3,Meeting000618,Auto-generated meeting 618 for user 3,Room12,2026-03-20T09:00:00,1
3,Meeting000619,Auto-generated meeting 619 for user 3,Room17,2026-03-20T12:00:00,3
4,Meeting000620,Auto-generated meeting 620 for user 4,Room2,2026-03-20T09:00:00,2
4,Meeting000621,Auto-generated meeting 621 for user 4,Room5,2026-03-20T13:00:00,1
4,Meeting000622,Auto-generated meeting 622 for user 4,Room17,2026-03-20T15:00:00,1
5,Meeting000623,Auto-generated meeting 623 for user 5,Room15,2026-03-20T14:00:00,1
6,Meeting000624,Auto-generated meeting 624 for user 6,Room4,2026-03-20T15:00:00,1
7,Meeting000625,Auto-generated meeting 625 for user 7,Room1,2026-03-20T15:00:00,2
7,Meeting000626,Auto-generated meeting 626 for user 7,Room17,2026-03-20T17:00:00,2
8,Meeting000627,Auto-generated meeting 627 for user 8,Room14,2026-03-20T13:00:00,1
9,Meeting000628,Auto-generated meeting 628 for user 9,Room17,2026-03-20T15:00:00,2
1,Meeting000629,Auto-generated meeting 629 for user 1,Room5,2026-03-21T08:00:00,2
1,Meeting000630,Auto-generated meeting 630 for user 1,Room10,2026-03-21T12:00:00,2
1,Meeting000631,Auto-generated meeting 631 for user 1,Room12,2026-03-21T16:00:00,1
2,Meeting000632,Auto-generated meeting 632 for user 2,Room18,2026-03-21T10:00:00,1
2,Meeting000633,Auto-generated meeting 633 for user 2,Room9,2026-03-21T15:00:00,2
4,Meeting000634,Auto-generated meeting 634 for user 4,Room19,2026-03-21T17:00:00,2
6,Meeting000635,Auto-generated meeting 635 for user 6,Room12,2026-03-21T08:00:00,3
7,Meeting000636,Auto-generated meeting 636 for user 7,Room13,2026-03-21T10:00:00,3
7,Meeting000637,Auto-generated meeting 637 for user 7,Room2,2026-03-21T11:00:00,1
7,Meeting000638,Auto-generated meeting 638 for user 7,Room15,2026-03-21T13:00:00,2
8,Meeting000639,Auto-generated meeting 639 for user 8,Room7,2026-03-21T11:00:00,2
8,Meeting000640,Auto-generated meeting 640 for user 8,Room13,2026-03-21T13:00:00,2
8,Meeting000641,Auto-generated meeting 641 for user 8,Room7,2026-03-21T15:00:00,2
9,Meeting000642,Auto-generated meeting 642 for user 9,Room16,2026-03-21T09:00:00,3
9,Meeting000643,Auto-generated meeting 643 for user 9,Room12,2026-03-21T12:00:00,3
9,Meeting000644,Auto-generated meeting 644 for user 9,Room13,2026-03-21T12:00:00,3
10,Meeting000645,Auto-generated meeting 645 for user 10,Room13,2026-03-21T09:00:00,2
10,Meeting000646,Auto-generated meeting 646 for user 10,Room4,2026-03-21T14:00:00,1
2,Meeting000647,Auto-generated meeting 647 for user 2,Room16,2026-03-22T08:00:00,1
2,Meeting000648,Auto-generated meeting 648 for user 2,Room4,2026-03-22T16:00:00,1
3,Meeting000649,Auto-generated meeting 649 for user 3,Room13,2026-03-22T09:00:00,2
3,Meeting000650,Auto-generated meeting 650 for user 3,Room1,2026-03-22T14:00:00,3
4,Meeting000651,Auto-generated meeting 651 for user 4,Room13,2026-03-22T09:00:00,2
4,Meeting000652,Auto-generated meeting 652 for user 4,Room6,2026-03-22T16:00:00,3
4,Meeting000653,Auto-generated meeting 653 for user 4,Room5,2026-03-22T17:00:00,1
5,Meeting000654,Auto-generated meeting 654 for user 5,Room16,2026-03-22T09:00:00,3
5,Meeting000655,Auto-generated meeting 655 for user 5,Room1,2026-03-22T14:00:00,3
6,Meeting000656,Auto-generated meeting 656 for user 6,Room2,2026-03-22T10:00:00,2
6,Meeting000657,Auto-generated meeting 657 for user 6,Room7,2026-03-22T15:00:00,2
7,Meeting000658,Auto-generated meeting 658 for user 7,Room6,2026-03-22T13:00:00,1
7,Meeting000659,Auto-generated meeting 659 for user 7,Room10,2026-03-22T16:00:00,3
7,Meeting000660,Auto-generated meeting 660 for user 7,Room13,2026-03-22T17:00:00,1
8,Meeting000661,Auto-generated meeting 661 for user 8,Room12,2026-03-22T09:00:00,3
8,Meeting000662,Auto-generated meeting 662 for user 8,Room9,2026-03-22T13:00:00,1
9,Meeting000663,Auto-generated meeting 663 for user 9,Room11,2026-03-22T11:00:00,2
9,Meeting000664,Auto-generated meeting 664 for user 9,Room8,2026-03-22T17:00:00,2
9,Meeting000665,Auto-generated meeting 665 for user 9,Room20,2026-03-22T17:00:00,3
10,Meeting000666,Auto-generated meeting 666 for user 10,Room12,2026-03-22T08:00:00,3
1,Meeting000667,Auto-generated meeting 667 for user 1,Room15,2026-03-23T10:00:00,2
1,Meeting000668,Auto-generated meeting 668 for user 1,Room7,2026-03-23T11:00:00,3
1,Meeting000669,Auto-generated meeting 669 for user 1,Room5,2026-03-23T17:00:00,1
2,Meeting000670,Auto-generated meeting 670 for user 2,Room4,2026-03-23T10:00:00,1
2,Meeting000671,Auto-generated meeting 671 for user 2,Room3,2026-03-23T12:00:00,3
2,Meeting000672,Auto-generated meeting 672 for user 2,Room7,2026-03-23T14:00:00,1
3,Meeting000673,Auto-generated meeting 673 for user 3,Room3,2026-03-23T15:00:00,2
5,Meeting000674,Auto-generated meeting 674 for user 5,Room5,2026-03-23T12:00:00,3
6,Meeting000675,Auto-generated meeting 675 for user 6,Room12,2026-03-23T09:00:00,2
6,Meeting000676,Auto-generated meeting 676 for user 6,Room19,2026-03-23T14:00:00,1
6,Meeting000677,Auto-generated meeting 677 for user 6,Room10,2026-03-23T14:00:00,1
7,Meeting000678,Auto-generated meeting 678 for user 7,Room15,2026-03-23T12:00:00,1
7,Meeting000679,Auto-generated meeting 679 for user 7,Room15,2026-03-23T13:00:00,3
7,Meeting000680,Auto-generated meeting 680 for user 7,Room7,2026-03-23T17:00:00,1
8,Meeting000681,Auto-generated meeting 681 for user 8,Room18,2026-03-23T08:00:00,2
8,Meeting000682,Auto-generated meeting 682 for user 8,Room8,2026-03-23T11:00:00,1
8,Meeting000683,Auto-generated meeting 683 for user 8,Room1,2026-03-23T14:00:00,2
9,Meeting000684,Auto-generated meeting 684 for user 9,Room12,2026-03-23T15:00:00,3
1,Meeting000685,Auto-generated meeting 685 for user 1,Room14,2026-03-24T14:00:00,1
1,Meeting000686,Auto-generated meeting 686 for user 1,Room13,2026-03-24T16:00:00,1
2,Meeting000687,Auto-generated meeting 687 for user 2,Room15,2026-03-24T13:00:00,1
2,Meeting000688,Auto-generated meeting 688 for user 2,Room19,2026-03-24T14:00:00,1
2,Meeting000689,Auto-generated meeting 689 for user 2,Room15,2026-03-24T17:00:00,1
4,Meeting000690,Auto-generated meeting 690 for user 4,Room3,2026-03-24T11:00:00,2
4,Meeting000691,Auto-generated meeting 691 for user 4,Room16,2026-03-24T13:00:00,3
4,Meeting000692,Auto-generated meeting 692 for user 4,Room7,2026-03-24T17:00:00,2
6,Meeting000693,Auto-generated meeting 693 for user 6,Room5,2026-03-24T12:00:00,1
6,Meeting000694,Auto-generated meeting 694 for user 6,Room16,2026-03-24T16:00:00,2
8,Meeting000695,Auto-generated meeting 695 for user 8,Room9,2026-03-24T08:00:00,2
8,Meeting000696,Auto-generated meeting 696 for user 8,Room11,2026-03-24T15:00:00,3
8,Meeting000697,Auto-generated meeting 697 for user 8,Room14,2026-03-24T16:00:00,2
9,Meeting000698,Auto-generated meeting 698 for user 9,Room3,2026-03-24T09:00:00,2
10,Meeting000699,Auto-generated meeting 699 for user 10,Room2,2026-03-24T16:00:00,1
1,Meeting000700,Auto-generated meeting 700 for user 1,Room7,2026-03-25T12:00:00,3
1,Meeting000701,Auto-generated meeting 701 for user 1,Room9,2026-03-25T13:00:00,1
1,Meeting000702,Auto-generated meeting 702 for user 1,Room20,2026-03-25T15:00:00,2
2,Meeting000703,Auto-generated meeting 703 for user 2,Room18,2026-03-25T13:00:00,3
2,Meeting000704,Auto-generated meeting 704 for user 2,Room12,2026-03-25T16:00:00,2
3,Meeting000705,Auto-generated meeting 705 for user 3,Room15,2026-03-25T13:00:00,1
5,Meeting000706,Auto-generated meeting 706 for user 5,Room15,2026-03-25T11:00:00,3
5,Meeting000707,Auto-generated meeting 707 for user 5,Room9,2026-03-25T16:00:00,1
5,Meeting000708,Auto-generated meeting 708 for user 5,Room12,2026-03-25T17:00:00,3
7,Meeting000709,Auto-generated meeting 709 for user 7,Room18,2026-03-25T10:00:00,1
7,Meeting000710,Auto-generated meeting 710 for user 7,Room15,2026-03-25T11:00:00,1
8,Meeting000711,Auto-generated meeting 711 for user 8,Room12,2026-03-25T10:00:00,3
8,Meeting000712,Auto-generated meeting 712 for user 8,Room11,2026-03-25T15:00:00,3
9,Meeting000713,Auto-generated meeting 713 for user 9,Room1,2026-03-25T14:00:00,3
10,Meeting000714,Auto-generated meeting 714 for user 10,Room15,2026-03-25T09:00:00,3
10,Meeting000715,Auto-generated meeting 715 for user 10,Room2,2026-03-25T11:00:00,2
10,Meeting000716,Auto-generated meeting 716 for user 10,Room9,2026-03-25T12:00:00,3
1,Meeting000717,Auto-generated meeting 717 for user 1,Room16,2026-03-26T09:00:00,3
1,Meeting000718,Auto-generated meeting 718 for user 1,Room2,2026-03-26T17:00:00,3
1,Meeting000719,Auto-generated meeting 719 for user 1,Room16,2026-03-26T17:00:00,3
3,Meeting000720,Auto-generated meeting 720 for user 3,Room19,2026-03-26T09:00:00,1
3,Meeting000721,Auto-generated meeting 721 for user 3,Room10,2026-03-26T10:00:00,1
4,Meeting000722,Auto-generated meeting 722 for user 4,Room18,2026-03-26T14:00:00,3
4,Meeting000723,Auto-generated meeting 723 for user 4,Room8,2026-03-26T16:00:00,3
5,Meeting000724,Auto-generated meeting 724 for user 5,Room1,2026-03-26T08:00:00,2
5,Meeting000725,Auto-generated meeting 725 for user 5,Room20,2026-03-26T10:00:00,2
5,Meeting000726,Auto-generated meeting 726 for user 5,Room8,2026-03-26T13:00:00,3
6,Meeting000727,Auto-generated meeting 727 for user 6,Room4,2026-03-26T14:00:00,3
7,Meeting000728,Auto-generated meeting 728 for user 7,Room17,2026-03-26T10:00:00,3
7,Meeting000729,Auto-generated meeting 729 for user 7,Room14,2026-03-26T13:00:00,3
7,Meeting000730,Auto-generated meeting 730 for user 7,Room2,2026-03-26T14:00:00,3
8,Meeting000731,Auto-generated meeting 731 for user 8,Room14,2026-03-26T13:00:00,3
8,Meeting000732,Auto-generated meeting 732 for user 8,Room20,2026-03-26T14:00:00,2
9,Meeting000733,Auto-generated meeting 733 for user 9,Room1,2026-03-26T08:00:00,3
9,Meeting000734,Auto-generated meeting 734 for user 9,Room12,2026-03-26T10:00:00,2
9,Meeting000735,Auto-generated meeting 735 for user 9,Room3,2026-03-26T16:00:00,2
10,Meeting000736,Auto-generated meeting 736 for user 10,Room19,2026-03-26T08:00:00,1
10,Meeting000737,Auto-generated meeting 737 for user 10,Room16,2026-03-26T11:00:00,2
10,Meeting000738,Auto-generated meeting 738 for user 10,Room14,2026-03-26T13:00:00,1
1,Meeting000739,Auto-generated meeting 739 for user 1,Room18,2026-03-27T11:00:00,2
1,Meeting000740,Auto-generated meeting 740 for user 1,Room2,2026-03-27T13:00:00,3
3,Meeting000741,Auto-generated meeting 741 for user 3,Room14,2026-03-27T08:00:00,1
3,Meeting000742,Auto-generated meeting 742 for user 3,Room4,2026-03-27T17:00:00,1
4,Meeting000743,Auto-generated meeting 743 for user 4,Room20,2026-03-27T09:00:00,2
4,Meeting000744,Auto-generated meeting 744 for user 4,Room17,2026-03-27T16:00:00,3
4,Meeting000745,Auto-generated meeting 745 for user 4,Room12,2026-03-27T16:00:00,2
5,Meeting000746,Auto-generated meeting 746 for user 5,Room19,2026-03-27T15:00:00,2
8,Meeting000747,Auto-generated meeting 747 for user 8,Room5,2026-03-27T11:00:00,2
8,Meeting000748,Auto-generated meeting 748 for user 8,Room3,2026-03-27T13:00:00,3
8,Meeting000749,Auto-generated meeting 749 for user 8,Room4,2026-03-27T14:00:00,1
9,Meeting000750,Auto-generated meeting 750 for user 9,Room3,2026-03-27T08:00:00,2
10,Meeting000751,Auto-generated meeting 751 for user 10,Room12,2026-03-27T11:00:00,3
10,Meeting000752,Auto-generated meeting 752 for user 10,Room11,2026-03-27T15:00:00,3
10,Meeting000753,Auto-generated meeting 753 for user 10,Room13,2026-03-27T15:00:00,3
1,Meeting000754,Auto-generated meeting 754 for user 1,Room6,2026-03-28T10:00:00,1
2,Meeting000755,Auto-generated meeting 755 for user 2,Room20,2026-03-28T10:00:00,2
2,Meeting000756,Auto-generated meeting 756 for user 2,Room6,2026-03-28T13:00:00,3
2,Meeting000757,Auto-generated meeting 757 for user 2,Room11,2026-03-28T15:00:00,1
3,Meeting000758,Auto-generated meeting 758 for user 3,Room5,2026-03-28T09:00:00,2
3,Meeting000759,Auto-generated meeting 759 for user 3,Room20,2026-03-28T12:00:00,2
3,Meeting000760,Auto-generated meeting 760 for user 3,Room8,2026-03-28T17:00:00,2
4,Meeting000761,Auto-generated meeting 761 for user 4,Room6,2026-03-28T10:00:00,1
5,Meeting000762,Auto-generated meeting 762 for user 5,Room16,2026-03-28T13:00:00,3
6,Meeting000763,Auto-generated meeting 763 for user 6,Room6,2026-03-28T09:00:00,1
8,Meeting000764,Auto-generated meeting 764 for user 8,Room15,2026-03-28T08:00:00,2
8,Meeting000765,Auto-generated meeting 765 for user 8,Room11,2026-03-28T15:00:00,2
9,Meeting000766,Auto-generated meeting 766 for user 9,Room3,2026-03-28T15:00:00,2
10,Meeting000767,Auto-generated meeting 767 for user 10,Room17,2026-03-28T11:00:00,3
1,Meeting000768,Auto-generated meeting 768 for user 1,Room14,2026-03-29T14:00:00,3
2,Meeting000769,Auto-generated meeting 769 for user 2,Room5,2026-03-29T10:00:00,2
2,Meeting000770,Auto-generated meeting 770 for user 2,Room16,2026-03-29T15:00:00,2
3,Meeting000771,Auto-generated meeting 771 for user 3,Room11,2026-03-29T17:00:00,1
4,Meeting000772,Auto-generated meeting 772 for user 4,Room16,2026-03-29T16:00:00,3
5,Meeting000773,Auto-generated meeting 773 for user 5,Room5,2026-03-29T10:00:00,3
7,Meeting000774,Auto-generated meeting 774 for user 7,Room18,2026-03-29T08:00:00,1
8,Meeting000775,Auto-generated meeting 775 for user 8,Room8,2026-03-29T17:00:00,3
9,Meeting000776,Auto-generated meeting 776 for user 9,Room8,2026-03-29T12:00:00,1
9,Meeting000777,Auto-generated meeting 777 for user 9,Room3,2026-03-29T14:00:00,1
9,Meeting000778,Auto-generated meeting 778 for user 9,Room11,2026-03-29T16:00:00,3
10,Meeting000779,Auto-generated meeting 779 for user 10,Room15,2026-03-29T11:00:00,2
10,Meeting000780,Auto-generated meeting 780 for user 10,Room18,2026-03-29T14:00:00,1
1,Meeting000781,Auto-generated meeting 781 for user 1,Room2,2026-03-30T09:00:00,3
2,Meeting000782,Auto-generated meeting 782 for user 2,Room9,2026-03-30T09:00:00,2
2,Meeting000783,Auto-generated meeting 783 for user 2,Room1,2026-03-30T12:00:00,2
3,Meeting000784,Auto-generated meeting 784 for user 3,Room20,2026-03-30T08:00:00,1
4,Meeting000785,Auto-generated meeting 785 for user 4,Room5,2026-03-30T10:00:00,2
4,Meeting000786,Auto-generated meeting 786 for user 4,Room18,2026-03-30T10:00:00,3
4,Meeting000787,Auto-generated meeting 787 for user 4,Room12,2026-03-30T16:00:00,2
5,Meeting000788,Auto-generated meeting 788 for user 5,Room1,2026-03-30T10:00:00,3
5,Meeting000789,Auto-generated meeting 789 for user 5,Room15,2026-03-30T12:00:00,2
5,Meeting000790,Auto-generated meeting 790 for user 5,Room12,2026-03-30T12:00:00,2
6,Meeting000791,Auto-generated meeting 791 for user 6,Room15,2026-03-30T08:00:00,3
6,Meeting000792,Auto-generated meeting 792 for user 6,Room19,2026-03-30T10:00:00,2
6,Meeting000793,Auto-generated meeting 793 for user 6,Room5,2026-03-30T16:00:00,2
8,Meeting000794,Auto-generated meeting 794 for user 8,Room2,2026-03-30T10:00:00,3
8,Meeting000795,Auto-generated meeting 795 for user 8,Room1,2026-03-30T12:00:00,1
9,Meeting000796,Auto-generated meeting 796 for user 9,Room4,2026-03-30T10:00:00,1
9,Meeting000797,Auto-generated meeting 797 for user 9,Room16,2026-03-30T12:00:00,2
10,Meeting000798,Auto-generated meeting 798 for user 10,Room6,2026-03-30T16:00:00,1
10,Meeting000799,Auto-generated meeting 799 for user 10,Room17,2026-03-30T16:00:00,1
10,Meeting000800,Auto-generated meeting 800 for user 10,Room8,2026-03-30T17:00:00,2
1,Meeting000801,Auto-generated meeting 801 for user 1,Room11,2026-03-31T09:00:00,1
1,Meeting000802,Auto-generated meeting 802 for user 1,Room5,2026-03-31T15:00:00,3
2,Meeting000803,Auto-generated meeting 803 for user 2,Room18,2026-03-31T16:00:00,1
3,Meeting000804,Auto-generated meeting 804 for user 3,Room10,2026-03-31T12:00:00,2
3,Meeting000805,Auto-generated meeting 805 for user 3,Room11,2026-03-31T16:00:00,3
4,Meeting000806,Auto-generated meeting 806 for user 4,Room6,2026-03-31T10:00:00,1
4,Meeting000807,Auto-generated meeting 807 for user 4,Room12,2026-03-31T13:00:00,3
6,Meeting000808,Auto-generated meeting 808 for user 6,Room5,2026-03-31T11:00:00,1
7,Meeting000809,Auto-generated meeting 809 for user 7,Room15,2026-03-31T10:00:00,2
9,Meeting000810,Auto-generated meeting 810 for user 9,Room18,2026-03-31T11:00:00,3
9,Meeting000811,Auto-generated meeting 811 for user 9,Room7,2026-03-31T16:00:00,3
10,Meeting000812,Auto-generated meeting 812 for user 10,Room2,2026-03-31T09:00:00,3
10,Meeting000813,Auto-generated meeting 813 for user 10,Room4,2026-03-31T13:00:00,1
10,Meeting000814,Auto-generated meeting 814 for user 10,Room9,2026-03-31T14:00:00,3
1,Meeting000815,Auto-generated meeting 815 for user 1,Room9,2026-04-01T09:00:00,3
1,Meeting000816,Auto-generated meeting 816 for user 1,Room4,2026-04-01T12:00:00,2
2,Meeting000817,Auto-generated meeting 817 for user 2,Room11,2026-04-01T09:00:00,2
2,Meeting000818,Auto-generated meeting 818 for user 2,Room19,2026-04-01T16:00:00,1
2,Meeting000819,Auto-generated meeting 819 for user 2,Room12,2026-04-01T17:00:00,2
4,Meeting000820,Auto-generated meeting 820 for user 4,Room3,2026-04-01T13:00:00,1
7,Meeting000821,Auto-generated meeting 821 for user 7,Room14,2026-04-01T16:00:00,2
9,Meeting000822,Auto-generated meeting 822 for user 9,Room20,2026-04-01T14:00:00,2
9,Meeting000823,Auto-generated meeting 823 for user 9,Room3,2026-04-01T15:00:00,3
1,Meeting000824,Auto-generated meeting 824 for user 1,Room3,2026-04-02T13:00:00,2
1,Meeting000825,Auto-generated meeting 825 for user 1,Room8,2026-04-02T16:00:00,1
2,Meeting000826,Auto-generated meeting 826 for user 2,Room15,2026-04-02T08:00:00,3
4,Meeting000827,Auto-generated meeting 827 for user 4,Room16,2026-04-02T10:00:00,2
5,Meeting000828,Auto-generated meeting 828 for user 5,Room20,2026-04-02T08:00:00,1
6,Meeting000829,Auto-generated meeting 829 for user 6,Room5,2026-04-02T09:00:00,2
6,Meeting000830,Auto-generated meeting 830 for user 6,Room20,2026-04-02T11:00:00,2
8,Meeting000831,Auto-generated meeting 831 for user 8,Room8,2026-04-02T08:00:00,1
9,Meeting000832,Auto-generated meeting 832 for user 9,Room12,2026-04-02T13:00:00,1
9,Meeting000833,Auto-generated meeting 833 for user 9,Room9,2026-04-02T17:00:00,3
10,Meeting000834,Auto-generated meeting 834 for user 10,Room9,2026-04-02T11:00:00,2
10,Meeting000835,Auto-generated meeting 835 for user 10,Room8,2026-04-02T13:00:00,3
10,Meeting000836,Auto-generated meeting 836 for user 10,Room1,2026-04-02T14:00:00,2
1,Meeting000837,Auto-generated meeting 837 for user 1,Room14,2026-04-03T09:00:00,2
1,Meeting000838,Auto-generated meeting 838 for user 1,Room4,2026-04-03T12:00:00,3
1,Meeting000839,Auto-generated meeting 839 for user 1,Room2,2026-04-03T15:00:00,3
2,Meeting000840,Auto-generated meeting 840 for user 2,Room19,2026-04-03T10:00:00,2
3,Meeting000841,Auto-generated meeting 841 for user 3,Room7,2026-04-03T10:00:00,1
3,Meeting000842,Auto-generated meeting 842 for user 3,Room18,2026-04-03T12:00:00,1
3,Meeting000843,Auto-generated meeting 843 for user 3,Room11,2026-04-03T14:00:00,3
4,Meeting000844,Auto-generated meeting 844 for user 4,Room6,2026-04-03T12:00:00,2
4,Meeting000845,Auto-generated meeting 845 for user 4,Room17,2026-04-03T17:00:00,2
5,Meeting000846,Auto-generated meeting 846 for user 5,Room9,2026-04-03T14:00:00,1
5,Meeting000847,Auto-generated meeting 847 for user 5,Room9,2026-04-03T15:00:00,2
5,Meeting000848,Auto-generated meeting 848 for user 5,Room19,2026-04-03T16:00:00,2
6,Meeting000849,Auto-generated meeting 849 for user 6,Room13,2026-04-03T08:00:00,3
6,Meeting000850,Auto-generated meeting 850 for user 6,Room16,2026-04-03T15:00:00,2
6,Meeting000851,Auto-generated meeting 851 for user 6,Room15,2026-04-03T16:00:00,2
7,Meeting000852,Auto-generated meeting 852 for user 7,Room16,2026-04-03T11:00:00,3
7,Meeting000853,Auto-generated meeting 853 for user 7,Room18,2026-04-03T14:00:00,2
8,Meeting000854,Auto-generated meeting 854 for user 8,Room2,2026-04-03T08:00:00,3
8,Meeting000855,Auto-generated meeting 855 for user 8,Room18,2026-04-03T13:00:00,2
8,Meeting000856,Auto-generated meeting 856 for user 8,Room12,2026-04-03T16:00:00,3
9,Meeting000857,Auto-generated meeting 857 for user 9,Room4,2026-04-03T10:00:00,1
9,Meeting000858,Auto-generated meeting 858 for user 9,Room16,2026-04-03T11:00:00,3
9,Meeting000859,Auto-generated meeting 859 for user 9,Room2,2026-04-03T17:00:00,1
10,Meeting000860,Auto-generated meeting 860 for user 10,Room12,2026-04-03T11:00:00,1
10,Meeting000861,Auto-generated meeting 861 for user 10,Room19,2026-04-03T13:00:00,2
10,Meeting000862,Auto-generated meeting 862 for user 10,Room18,2026-04-03T14:00:00,3
2,Meeting000863,Auto-generated meeting 863 for user 2,Room13,2026-04-04T10:00:00,3
4,Meeting000864,Auto-generated meeting 864 for user 4,Room17,2026-04-04T11:00:00,2
4,Meeting000865,Auto-generated meeting 865 for user 4,Room3,2026-04-04T17:00:00,3
5,Meeting000866,Auto-generated meeting 866 for user 5,Room4,2026-04-04T17:00:00,2
6,Meeting000867,Auto-generated meeting 867 for user 6,Room2,2026-04-04T10:00:00,3
6,Meeting000868,Auto-generated meeting 868 for user 6,Room17,2026-04-04T11:00:00,2
6,Meeting000869,Auto-generated meeting 869 for user 6,Room4,2026-04-04T14:00:00,2
7,Meeting000870,Auto-generated meeting 870 for user 7,Room10,2026-04-04T08:00:00,3
7,Meeting000871,Auto-generated meeting 871 for user 7,Room8,2026-04-04T09:00:00,1
7,Meeting000872,Auto-generated meeting 872 for user 7,Room14,2026-04-04T13:00:00,1
1,Meeting000873,Auto-generated meeting 873 for user 1,Room12,2026-04-05T12:00:00,1
1,Meeting000874,Auto-generated meeting 874 for user 1,Room11,2026-04-05T15:00:00,3
2,Meeting000875,Auto-generated meeting 875 for user 2,Room19,2026-04-05T08:00:00,3
2,Meeting000876,Auto-generated meeting 876 for user 2,Room10,2026-04-05T14:00:00,3
2,Meeting000877,Auto-generated meeting 877 for user 2,Room8,2026-04-05T15:00:00,3
4,Meeting000878,Auto-generated meeting 878 for user 4,Room9,2026-04-05T10:00:00,1
6,Meeting000879,Auto-generated meeting 879 for user 6,Room19,2026-04-05T12:00:00,2
6,Meeting000880,Auto-generated meeting 880 for user 6,Room15,2026-04-05T12:00:00,1
6,Meeting000881,Auto-generated meeting 881 for user 6,Room11,2026-04-05T14:00:00,1
8,Meeting000882,Auto-generated meeting 882 for user 8,Room13,2026-04-05T13:00:00,3
10,Meeting000883,Auto-generated meeting 883 for user 10,Room18,2026-04-05T15:00:00,1
3,Meeting000884,Auto-generated meeting 884 for user 3,Room9,2026-04-06T11:00:00,2
4,Meeting000885,Auto-generated meeting 885 for user 4,Room20,2026-04-06T09:00:00,3
4,Meeting000886,Auto-generated meeting 886 for user 4,Room20,2026-04-06T12:00:00,1
4,Meeting000887,Auto-generated meeting 887 for user 4,Room10,2026-04-06T13:00:00,1
5,Meeting000888,Auto-generated meeting 888 for user 5,Room5,2026-04-06T13:00:00,3
5,Meeting000889,Auto-generated meeting 889 for user 5,Room7,2026-04-06T15:00:00,3
6,Meeting000890,Auto-generated meeting 890 for user 6,Room9,2026-04-06T09:00:00,3
7,Meeting000891,Auto-generated meeting 891 for user 7,Room3,2026-04-06T10:00:00,2
8,Meeting000892,Auto-generated meeting 892 for user 8,Room2,2026-04-06T10:00:00,1
8,Meeting000893,Auto-generated meeting 893 for user 8,Room4,2026-04-06T12:00:00,3
8,Meeting000894,Auto-generated meeting 894 for user 8,Room19,2026-04-06T13:00:00,1
9,Meeting000895,Auto-generated meeting 895 for user 9,Room13,2026-04-06T10:00:00,2
9,Meeting000896,Auto-generated meeting 896 for user 9,Room10,2026-04-06T13:00:00,2
9,Meeting000897,Auto-generated meeting 897 for user 9,Room7,2026-04-06T17:00:00,3
10,Meeting000898,Auto-generated meeting 898 for user 10,Room14,2026-04-06T08:00:00,1
10,Meeting000899,Auto-generated meeting 899 for user 10,Room15,2026-04-06T10:00:00,3
10,Meeting000900,Auto-generated meeting 900 for user 10,Room19,2026-04-06T17:00:00,1
1,Meeting000901,Auto-generated meeting 901 for user 1,Room12,2026-04-07T15:00:00,2
1,Meeting000902,Auto-generated meeting 902 for user 1,Room8,2026-04-07T16:00:00,1
2,Meeting000903,Auto-generated meeting 903 for user 2,Room3,2026-04-07T09:00:00,1
2,Meeting000904,Auto-generated meeting 904 for user 2,Room19,2026-04-07T16:00:00,1
3,Meeting000905,Auto-generated meeting 905 for user 3,Room13,2026-04-07T10:00:00,3
3,Meeting000906,Auto-generated meeting 906 for user 3,Room12,2026-04-07T11:00:00,1
4,Meeting000907,Auto-generated meeting 907 for user 4,Room9,2026-04-07T09:00:00,2
4,Meeting000908,Auto-generated meeting 908 for user 4,Room7,2026-04-07T11:00:00,2
5,Meeting000909,Auto-generated meeting 909 for user 5,Room16,2026-04-07T14:00:00,1
5,Meeting000910,Auto-generated meeting 910 for user 5,Room1,2026-04-07T15:00:00,3
5,Meeting000911,Auto-generated meeting 911 for user 5,Room11,2026-04-07T17:00:00,3
7,Meeting000912,Auto-generated meeting 912 for user 7,Room17,2026-04-07T08:00:00,1
7,Meeting000913,Auto-generated meeting 913 for user 7,Room13,2026-04-07T11:00:00,2
7,Meeting000914,Auto-generated meeting 914 for user 7,Room10,2026-04-07T15:00:00,2
8,Meeting000915,Auto-generated meeting 915 for user 8,Room13,2026-04-07T12:00:00,1
8,Meeting000916,Auto-generated meeting 916 for user 8,Room12,2026-04-07T16:00:00,3
8,Meeting000917,Auto-generated meeting 917 for user 8,Room14,2026-04-07T17:00:00,1
9,Meeting000918,Auto-generated meeting 918 for user 9,Room7,2026-04-07T10:00:00,2
9,Meeting000919,Auto-generated meeting 919 for user 9,Room11,2026-04-07T12:00:00,2
9,Meeting000920,Auto-generated meeting 920 for user 9,Room6,2026-04-07T16:00:00,1
10,Meeting000921,Auto-generated meeting 921 for user 10,Room11,2026-04-07T15:00:00,3
1,Meeting000922,Auto-generated meeting 922 for user 1,Room1,2026-04-08T16:00:00,1
2,Meeting000923,Auto-generated meeting 923 for user 2,Room10,2026-04-08T11:00:00,2
2,Meeting000924,Auto-generated meeting 924 for user 2,Room7,2026-04-08T12:00:00,1
2,Meeting000925,Auto-generated meeting 925 for user 2,Room19,2026-04-08T14:00:00,3
3,Meeting000926,Auto-generated meeting 926 for user 3,Room17,2026-04-08T12:00:00,1
3,Meeting000927,Auto-generated meeting 927 for user 3,Room16,2026-04-08T17:00:00,3
4,Meeting000928,Auto-generated meeting 928 for user 4,Room11,2026-04-08T10:00:00,2
4,Meeting000929,Auto-generated meeting 929 for user 4,Room15,2026-04-08T12:00:00,1
4,Meeting000930,Auto-generated meeting 930 for user 4,Room20,2026-04-08T12:00:00,3
5,Meeting000931,Auto-generated meeting 931 for user 5,Room7,2026-04-08T13:00:00,1
6,Meeting000932,Auto-generated meeting 932 for user 6,Room11,2026-04-08T16:00:00,1
8,Meeting000933,Auto-generated meeting 933 for user 8,Room7,2026-04-08T09:00:00,1
8,Meeting000934,Auto-generated meeting 934 for user 8,Room19,2026-04-08T12:00:00,1
8,Meeting000935,Auto-generated meeting 935 for user 8,Room18,2026-04-08T14:00:00,3
9,Meeting000936,Auto-generated meeting 936 for user 9,Room5,2026-04-08T15:00:00,2
9,Meeting000937,Auto-generated meeting 937 for user 9,Room1,2026-04-08T17:00:00,3
2,Meeting000938,Auto-generated meeting 938 for user 2,Room20,2026-04-09T13:00:00,3
3,Meeting000939,Auto-generated meeting 939 for user 3,Room10,2026-04-09T16:00:00,2
3,Meeting000940,Auto-generated meeting 940 for user 3,Room10,2026-04-09T17:00:00,1
5,Meeting000941,Auto-generated meeting 941 for user 5,Room3,2026-04-09T09:00:00,1
5,Meeting000942,Auto-generated meeting 942 for user 5,Room14,2026-04-09T11:00:00,3
5,Meeting000943,Auto-generated meeting 943 for user 5,Room7,2026-04-09T11:00:00,2
6,Meeting000944,Auto-generated meeting 944 for user 6,Room14,2026-04-09T09:00:00,2
6,Meeting000945,Auto-generated meeting 945 for user 6,Room20,2026-04-09T14:00:00,3
6,Meeting000946,Auto-generated meeting 946 for user 6,Room8,2026-04-09T16:00:00,1
7,Meeting000947,Auto-generated meeting 947 for user 7,Room13,2026-04-09T08:00:00,2
7,Meeting000948,Auto-generated meeting 948 for user 7,Room17,2026-04-09T10:00:00,3
7,Meeting000949,Auto-generated meeting 949 for user 7,Room11,2026-04-09T17:00:00,1
10,Meeting000950,Auto-generated meeting 950 for user 10,Room20,2026-04-09T15:00:00,2
1,Meeting000951,Auto-generated meeting 951 for user 1,Room8,2026-04-10T16:00:00,2
1,Meeting000952,Auto-generated meeting 952 for user 1,Room4,2026-04-10T17:00:00,1
2,Meeting000953,Auto-generated meeting 953 for user 2,Room5,2026-04-10T13:00:00,1
4,Meeting000954,Auto-generated meeting 954 for user 4,Room10,2026-04-10T08:00:00,2
4,Meeting000955,Auto-generated meeting 955 for user 4,Room20,2026-04-10T17:00:00,1
5,Meeting000956,Auto-generated meeting 956 for user 5,Room14,2026-04-10T11:00:00,1
5,Meeting000957,Auto-generated meeting 957 for user 5,Room10,2026-04-10T14:00:00,1
5,Meeting000958,Auto-generated meeting 958 for user 5,Room3,2026-04-10T15:00:00,1
8,Meeting000959,Auto-generated meeting 959 for user 8,Room9,2026-04-10T09:00:00,3
8,Meeting000960,Auto-generated meeting 960 for user 8,Room5,2026-04-10T11:00:00,2
8,Meeting000961,Auto-generated meeting 961 for user 8,Room3,2026-04-10T16:00:00,2
9,Meeting000962,Auto-generated meeting 962 for user 9,Room11,2026-04-10T11:00:00,2
9,Meeting000963,Auto-generated meeting 963 for user 9,Room6,2026-04-10T12:00:00,2
10,Meeting000964,Auto-generated meeting 964 for user 10,Room14,2026-04-10T13:00:00,2
10,Meeting000965,Auto-generated meeting 965 for user 10,Room8,2026-04-10T16:00:00,2
3,Meeting000966,Auto-generated meeting 966 for user 3,Room14,2026-04-11T15:00:00,1
5,Meeting000967,Auto-generated meeting 967 for user 5,Room9,2026-04-11T09:00:00,3
6,Meeting000968,Auto-generated meeting 968 for user 6,Room12,2026-04-11T10:00:00,2
6,Meeting000969,Auto-generated meeting 969 for user 6,Room5,2026-04-11T15:00:00,1
7,Meeting000970,Auto-generated meeting 970 for user 7,Room8,2026-04-11T16:00:00,1
7,Meeting000971,Auto-generated meeting 971 for user 7,Room20,2026-04-11T17:00:00,3
8,Meeting000972,Auto-generated meeting 972 for user 8,Room2,2026-04-11T08:00:00,3
8,Meeting000973,Auto-generated meeting 973 for user 8,Room4,2026-04-11T12:00:00,1
9,Meeting000974,Auto-generated meeting 974 for user 9,Room12,2026-04-11T09:00:00,1
9,Meeting000975,Auto-generated meeting 975 for user 9,Room12,2026-04-11T17:00:00,3
10,Meeting000976,Auto-generated meeting 976 for user 10,Room6,2026-04-11T11:00:00,3
10,Meeting000977,Auto-generated meeting 977 for user 10,Room12,2026-04-11T13:00:00,2
1,Meeting000978,Auto-generated meeting 978 for user 1,Room13,2026-04-12T14:00:00,2
1,Meeting000979,Auto-generated meeting 979 for user 1,Room4,2026-04-12T14:00:00,1
1,Meeting000980,Auto-generated meeting 980 for user 1,Room2,2026-04-12T17:00:00,1
2,Meeting000981,Auto-generated meeting 981 for user 2,Room10,2026-04-12T12:00:00,3
2,Meeting000982,Auto-generated meeting 982 for user 2,Room16,2026-04-12T15:00:00,3
3,Meeting000983,Auto-generated meeting 983 for user 3,Room15,2026-04-12T16:00:00,3
4,Meeting000984,Auto-generated meeting 984 for user 4,Room10,2026-04-12T13:00:00,3
5,Meeting000985,Auto-generated meeting 985 for user 5,Room1,2026-04-12T12:00:00,3
5,Meeting000986,Auto-generated meeting 986 for user 5,Room15,2026-04-12T16:00:00,3
7,Meeting000987,Auto-generated meeting 987 for user 7,Room14,2026-04-12T17:00:00,2
10,Meeting000988,Auto-generated meeting 988 for user 10,Room2,2026-04-12T17:00:00,1
1,Meeting000989,Auto-generated meeting 989 for user 1,Room12,2026-04-13T13:00:00,1
1,Meeting000990,Auto-generated meeting 990 for user 1,Room10,2026-04-13T15:00:00,1
2,Meeting000991,Auto-generated meeting 991 for user 2,Room11,2026-04-13T11:00:00,1
2,Meeting000992,Auto-generated meeting 992 for user 2,Room18,2026-04-13T15:00:00,3
2,Meeting000993,Auto-generated meeting 993 for user 2,Room3,2026-04-13T16:00:00,3
3,Meeting000994,Auto-generated meeting 994 for user 3,Room16,2026-04-13T10:00:00,1
3,Meeting000995,Auto-generated meeting 995 for user 3,Room5,2026-04-13T13:00:00,1
3,Meeting000996,Auto-generated meeting 996 for user 3,Room7,2026-04-13T16:00:00,1
4,Meeting000997,Auto-generated meeting 997 for user 4,Room14,2026-04-13T09:00:00,2
6,Meeting000998,Auto-generated meeting 998 for user 6,Room20,2026-04-13T08:00:00,3
6,Meeting000999,Auto-generated meeting 999 for user 6,Room8,2026-04-13T16:00:00,2
7,Meeting001000,Auto-generated meeting 1000 for user 7,Room13,2026-04-13T13:00:00,3
7,Meeting001001,Auto-generated meeting 1001 for user 7,Room18,2026-04-13T15:00:00,2
7,Meeting001002,Auto-generated meeting 1002 for user 7,Room6,2026-04-13T17:00:00,3
3,Meeting001003,Auto-generated meeting 1003 for user 3,Room2,2026-04-14T10:00:00,3
3,Meeting001004,Auto-generated meeting 1004 for user 3,Room11,2026-04-14T13:00:00,2
3,Meeting001005,Auto-generated meeting 1005 for user 3,Room10,2026-04-14T15:00:00,1
4,Meeting001006,Auto-generated meeting 1006 for user 4,Room6,2026-04-14T10:00:00,1
4,Meeting001007,Auto-generated meeting 1007 for user 4,Room20,2026-04-14T15:00:00,1
5,Meeting001008,Auto-generated meeting 1008 for user 5,Room7,2026-04-14T08:00:00,3
5,Meeting001009,Auto-generated meeting 1009 for user 5,Room8,2026-04-14T09:00:00,1
6,Meeting001010,Auto-generated meeting 1010 for user 6,Room16,2026-04-14T09:00:00,1
8,Meeting001011,Auto-generated meeting 1011 for user 8,Room5,2026-04-14T12:00:00,2
8,Meeting001012,Auto-generated meeting 1012 for user 8,Room8,2026-04-14T13:00:00,2
9,Meeting001013,Auto-generated meeting 1013 for user 9,Room3,2026-04-14T12:00:00,3
10,Meeting001014,Auto-generated meeting 1014 for user 10,Room9,2026-04-14T10:00:00,1
1,Meeting001015,Auto-generated meeting 1015 for user 1,Room15,2026-04-15T08:00:00,3
1,Meeting001016,Auto-generated meeting 1016 for user 1,Room18,2026-04-15T16:00:00,1
1,Meeting001017,Auto-generated meeting 1017 for user 1,Room12,2026-04-15T17:00:00,2
2,Meeting001018,Auto-generated meeting 1018 for user 2,Room2,2026-04-15T08:00:00,3
2,Meeting001019,Auto-generated meeting 1019 for user 2,Room5,2026-04-15T13:00:00,2
2,Meeting001020,Auto-generated meeting 1020 for user 2,Room13,2026-04-15T16:00:00,1
3,Meeting001021,Auto-generated meeting 1021 for user 3,Room5,2026-04-15T12:00:00,2
3,Meeting001022,Auto-generated meeting 1022 for user 3,Room14,2026-04-15T14:00:00,2
5,Meeting001023,Auto-generated meeting 1023 for user 5,Room11,2026-04-15T08:00:00,1
5,Meeting001024,Auto-generated meeting 1024 for user 5,Room11,2026-04-15T09:00:00,2
5,Meeting001025,Auto-generated meeting 1025 for user 5,Room19,2026-04-15T12:00:00,1
6,Meeting001026,Auto-generated meeting 1026 for user 6,Room7,2026-04-15T14:00:00,1
6,Meeting001027,Auto-generated meeting 1027 for user 6,Room10,2026-04-15T16:00:00,2
9,Meeting001028,Auto-generated meeting 1028 for user 9,Room13,2026-04-15T09:00:00,1
9,Meeting001029,Auto-generated meeting 1029 for user 9,Room10,2026-04-15T10:00:00,3
9,Meeting001030,Auto-generated meeting 1030 for user 9,Room9,2026-04-15T15:00:00,1
10,Meeting001031,Auto-generated meeting 1031 for user 10,Room10,2026-04-15T15:00:00,1
1,Meeting001032,Auto-generated meeting 1032 for user 1,Room15,2026-04-16T08:00:00,2
2,Meeting001033,Auto-generated meeting 1033 for user 2,Room4,2026-04-16T14:00:00,1
2,Meeting001034,Auto-generated meeting 1034 for user 2,Room11,2026-04-16T17:00:00,2
4,Meeting001035,Auto-generated meeting 1035 for user 4,Room5,2026-04-16T09:00:00,1
4,Meeting001036,Auto-generated meeting 1036 for user 4,Room19,2026-04-16T10:00:00,1
4,Meeting001037,Auto-generated meeting 1037 for user 4,Room10,2026-04-16T17:00:00,1
5,Meeting001038,Auto-generated meeting 1038 for user 5,Room19,2026-04-16T12:00:00,2
6,Meeting001039,Auto-generated meeting 1039 for user 6,Room10,2026-04-16T08:00:00,3
6,Meeting001040,Auto-generated meeting 1040 for user 6,Room20,2026-04-16T09:00:00,3
6,Meeting001041,Auto-generated meeting 1041 for user 6,Room4,2026-04-16T14:00:00,3
7,Meeting001042,Auto-generated meeting 1042 for user 7,Room14,2026-04-16T12:00:00,2
7,Meeting001043,Auto-generated meeting 1043 for user 7,Room19,2026-04-16T17:00:00,3
8,Meeting001044,Auto-generated meeting 1044 for user 8,Room7,2026-04-16T14:00:00,2
8,Meeting001045,Auto-generated meeting 1045 for user 8,Room8,2026-04-16T15:00:00,2
9,Meeting001046,Auto-generated meeting 1046 for user 9,Room1,2026-04-16T10:00:00,3
10,Meeting001047,Auto-generated meeting 1047 for user 10,Room10,2026-04-16T14:00:00,3
10,Meeting001048,Auto-generated meeting 1048 for user 10,Room5,2026-04-16T15:00:00,3
10,Meeting001049,Auto-generated meeting 1049 for user 10,Room14,2026-04-16T15:00:00,3
2,Meeting001050,Auto-generated meeting 1050 for user 2,Room14,2026-04-17T10:00:00,1
3,Meeting001051,Auto-generated meeting 1051 for user 3,Room16,2026-04-17T17:00:00,2
4,Meeting001052,Auto-generated meeting 1052 for user 4,Room13,2026-04-17T09:00:00,3
4,Meeting001053,Auto-generated meeting 1053 for user 4,Room17,2026-04-17T12:00:00,1
4,Meeting001054,Auto-generated meeting 1054 for user 4,Room1,2026-04-17T16:00:00,2
5,Meeting001055,Auto-generated meeting 1055 for user 5,Room8,2026-04-17T11:00:00,3
5,Meeting001056,Auto-generated meeting 1056 for user 5,Room7,2026-04-17T11:00:00,3
6,Meeting001057,Auto-generated meeting 1057 for user 6,Room18,2026-04-17T08:00:00,3
6,Meeting001058,Auto-generated meeting 1058 for user 6,Room10,2026-04-17T09:00:00,1
6,Meeting001059,Auto-generated meeting 1059 for user 6,Room19,2026-04-17T15:00:00,3
8,Meeting001060,Auto-generated meeting 1060 for user 8,Room1,2026-04-17T09:00:00,2
8,Meeting001061,Auto-generated meeting 1061 for user 8,Room14,2026-04-17T17:00:00,1
9,Meeting001062,Auto-generated meeting 1062 for user 9,Room2,2026-04-17T09:00:00,2
9,Meeting001063,Auto-generated meeting 1063 for user 9,Room20,2026-04-17T16:00:00,3
9,Meeting001064,Auto-generated meeting 1064 for user 9,Room18,2026-04-17T17:00:00,1
10,Meeting001065,Auto-generated meeting 1065 for user 10,Room2,2026-04-17T10:00:00,3
10,Meeting001066,Auto-generated meeting 1066 for user 10,Room15,2026-04-17T11:00:00,1
1,Meeting001067,Auto-generated meeting 1067 for user 1,Room13,2026-04-18T13:00:00,3
1,Meeting001068,Auto-generated meeting 1068 for user 1,Room3,2026-04-18T16:00:00,3
3,Meeting001069,Auto-generated meeting 1069 for user 3,Room16,2026-04-18T11:00:00,3
3,Meeting001070,Auto-generated meeting 1070 for user 3,Room14,2026-04-18T16:00:00,3
4,Meeting001071,Auto-generated meeting 1071 for user 4,Room5,2026-04-18T08:00:00,2
5,Meeting001072,Auto-generated meeting 1072 for user 5,Room18,2026-04-18T09:00:00,3
5,Meeting001073,Auto-generated meeting 1073 for user 5,Room17,2026-04-18T14:00:00,1
5,Meeting001074,Auto-generated meeting 1074 for user 5,Room16,2026-04-18T17:00:00,1
6,Meeting001075,Auto-generated meeting 1075 for user 6,Room1,2026-04-18T10:00:00,2
6,Meeting001076,Auto-generated meeting 1076 for user 6,Room19,2026-04-18T14:00:00,2
7,Meeting001077,Auto-generated meeting 1077 for user 7,Room13,2026-04-18T11:00:00,3
7,Meeting001078,Auto-generated meeting 1078 for user 7,Room12,2026-04-18T17:00:00,3
10,Meeting001079,Auto-generated meeting 1079 for user 10,Room4,2026-04-18T09:00:00,1
10,Meeting001080,Auto-generated meeting 1080 for user 10,Room8,2026-04-18T16:00:00,3
10,Meeting001081,Auto-generated meeting 1081 for user 10,Room12,2026-04-18T16:00:00,2
1,Meeting001082,Auto-generated meeting 1082 for user 1,Room19,2026-04-19T11:00:00,2
1,Meeting001083,Auto-generated meeting 1083 for user 1,Room8,2026-04-19T17:00:00,2
2,Meeting001084,Auto-generated meeting 1084 for user 2,Room18,2026-04-19T08:00:00,2
3,Meeting001085,Auto-generated meeting 1085 for user 3,Room1,2026-04-19T14:00:00,2
3,Meeting001086,Auto-generated meeting 1086 for user 3,Room12,2026-04-19T17:00:00,3
4,Meeting001087,Auto-generated meeting 1087 for user 4,Room5,2026-04-19T14:00:00,1
4,Meeting001088,Auto-generated meeting 1088 for user 4,Room3,2026-04-19T16:00:00,2
5,Meeting001089,Auto-generated meeting 1089 for user 5,Room5,2026-04-19T09:00:00,3
5,Meeting001090,Auto-generated meeting 1090 for user 5,Room3,2026-04-19T17:00:00,3
6,Meeting001091,Auto-generated meeting 1091 for user 6,Room2,2026-04-19T12:00:00,1
8,Meeting001092,Auto-generated meeting 1092 for user 8,Room3,2026-04-19T14:00:00,3
10,Meeting001093,Auto-generated meeting 1093 for user 10,Room5,2026-04-19T10:00:00,1
10,Meeting001094,Auto-generated meeting 1094 for user 10,Room20,2026-04-19T12:00:00,2
10,Meeting001095,Auto-generated meeting 1095 for user 10,Room18,2026-04-19T12:00:00,1
2,Meeting001096,Auto-generated meeting 1096 for user 2,Room13,2026-04-20T10:00:00,3
2,Meeting001097,Auto-generated meeting 1097 for user 2,Room11,2026-04-20T12:00:00,3
2,Meeting001098,Auto-generated meeting 1098 for user 2,Room10,2026-04-20T13:00:00,2
3,Meeting001099,Auto-generated meeting 1099 for user 3,Room18,2026-04-20T08:00:00,1
3,Meeting001100,Auto-generated meeting 1100 for user 3,Room11,2026-04-20T10:00:00,2
3,Meeting001101,Auto-generated meeting 1101 for user 3,Room18,2026-04-20T13:00:00,3
4,Meeting001102,Auto-generated meeting 1102 for user 4,Room7,2026-04-20T14:00:00,1
5,Meeting001103,Auto-generated meeting 1103 for user 5,Room3,2026-04-20T08:00:00,3
5,Meeting001104,Auto-generated meeting 1104 for user 5,Room12,2026-04-20T10:00:00,2
5,Meeting001105,Auto-generated meeting 1105 for user 5,Room11,2026-04-20T13:00:00,1
9,Meeting001106,Auto-generated meeting 1106 for user 9,Room13,2026-04-20T10:00:00,2
10,Meeting001107,Auto-generated meeting 1107 for user 10,Room5,2026-04-20T17:00:00,3
